Victoria Adelaide Mary	Albert Augustus Charles
Edward_VII of house of Wettin	Albert Augustus Charles
Alice Maud Mary	Albert Augustus Charles
Alfred Ernest Albert	Albert Augustus Charles
Helena Augusta Victoria	Albert Augustus Charles
Louise Caroline Alberta	Albert Augustus Charles
Arthur William Patrick	Albert Augustus Charles
Leopold George Duncan	Albert Augustus Charles
Beatrice Mary Victoria	Albert Augustus Charles
Albert Victor Christian	Edward_VII of house of Wettin
George_V of house of Windsor	Edward_VII of house of Wettin
Louise Victoria Alexandra	Edward_VII of house of Wettin
Victoria Alexandra Olga	Edward_VII of house of Wettin
Maude Charlotte Mary	Edward_VII of house of Wettin
John Alexander	Edward_VII of house of Wettin
William_II	Frederick_III
Charlotte of_Saxe- Meiningen	Frederick_III
Henry of_Prussia	Frederick_III
Sigismund	Frederick_III
Victoria	Frederick_III
Waldemar	Frederick_III
Sophie of_Prussia	Frederick_III
Margarete of_Hesse	Frederick_III
Olga Nicholovna of house of Romanov	Nicholas_II Alexandrovich of house of Romanov
Tatiana Nicholovna	Nicholas_II Alexandrovich of house of Romanov
Maria Nicholovna of house of Romanov	Nicholas_II Alexandrovich of house of Romanov
Anastasia Nicholovna of house of Romanov	Nicholas_II Alexandrovich of house of Romanov
Alexis Nicolaievich of house of Romanov	Nicholas_II Alexandrovich of house of Romanov
Alice of_Athlone	Leopold George Duncan
Charles Edward	Leopold George Duncan
Alexander of_Carisbrooke	Henry Maurice of_Battenberg
Victoria Eugenie "Ena"	Henry Maurice of_Battenberg
Leopold	Henry Maurice of_Battenberg
Maurice	Henry Maurice of_Battenberg
Edward_VIII of house of Windsor	George_V of house of Windsor
George_VI of house of Windsor	George_V of house of Windsor
Mary of house of Windsor	George_V of house of Windsor
Henry William Frederick of house of Windsor	George_V of house of Windsor
George Edward Alexander of house of Windsor	George_V of house of Windsor
John Charles Francis of house of Windsor	George_V of house of Windsor
Victoria Alberta of_Hesse	Louis_IV of_Hesse
Elizabeth "Ella"	Louis_IV of_Hesse
Irene of_Hesse	Louis_IV of_Hesse
Ernest Louis of_Hesse	Louis_IV of_Hesse
Frederick	Louis_IV of_Hesse
Alexandra Fedorovna "Alix"	Louis_IV of_Hesse
Mary "May"	Louis_IV of_Hesse
Nicholas_II Alexandrovich of house of Romanov	Alexander_III Alexandrovich of house of Romanov
Alexander Alexandrovich of house of Romanov	Alexander_III Alexandrovich of house of Romanov
George Alexandrovich of house of Romanov	Alexander_III Alexandrovich of house of Romanov
Xenia of house of Romanov	Alexander_III Alexandrovich of house of Romanov
Michael "Mischa" Alexandrovich of house of Romanov	Alexander_III Alexandrovich of house of Romanov
Olga Alexandrovna of house of Romanov	Alexander_III Alexandrovich of house of Romanov
Alexander_II Nicholoevich of house of Romanov	Nicholas_I of house of Romanov
Constantine Nikolaievitch of_Russia	Nicholas_I of house of Romanov
Nicholas of house of Romanov #2	Nicholas_I of house of Romanov
Michael of house of Romanov	Nicholas_I of house of Romanov
Alexandra Alexandrovna of house of Romanov	Alexander_II Nicholoevich of house of Romanov
Nicholas Alexandrovich of house of Romanov	Alexander_II Nicholoevich of house of Romanov
Alexander_III Alexandrovich of house of Romanov	Alexander_II Nicholoevich of house of Romanov
Vladimir of house of Romanov	Alexander_II Nicholoevich of house of Romanov
Alexis of house of Romanov	Alexander_II Nicholoevich of house of Romanov
Marie Alexandrovna	Alexander_II Nicholoevich of house of Romanov
Serge Alexandrovich of house of Romanov	Alexander_II Nicholoevich of house of Romanov
Paul Alexandrovich of house of Romanov	Alexander_II Nicholoevich of house of Romanov
Elizabeth_II Alexandra Mary of house of Windsor	George_VI of house of Windsor
Margaret Rose of house of Windsor	George_VI of house of Windsor
David Albert Charles of house of Armstrong-Jones	Anthony Charles Robert of house of Armstrong-Jones
Sarah Frances Elizabeth of house of Armstrong-Jones	Anthony Charles Robert of house of Armstrong-Jones
Charles Philip Arthur of house of Windsor	Philip of house of Mountbatten
Anne Elizabeth Alice of house of Windsor	Philip of house of Mountbatten
Andrew Albert Christian of house of Windsor	Philip of house of Mountbatten
Edward Anthony Richard of house of Windsor	Philip of house of Mountbatten
Peter Mark Andrew of house of Phillips	Mark Anthony Peter of house of Phillips
Zara Anne Elizabeth of house of Phillips	Mark Anthony Peter of house of Phillips
William Arthur Philip of house of Windsor	Charles Philip Arthur of house of Windsor
Henry Charles Albert of house of Windsor	Charles Philip Arthur of house of Windsor
Edward George Nicholas of house of Windsor	George Edward Alexander of house of Windsor
Alexandra of house of Windsor	George Edward Alexander of house of Windsor
Michael of house of Windsor	George Edward Alexander of house of Windsor
George Earl_of_Harewood of house of Lascelles	Henry George Charles of house of Lascelles
Gerald of house of Lascelles	Henry George Charles of house of Lascelles
William Henry Andrew of house of Windsor	Henry William Frederick of house of Windsor
Richard Alexander Walter of house of Windsor	Henry William Frederick of house of Windsor
Olav_V	Charles Haakon_VII
Waldemar #2	Henry of_Prussia
Henry	Henry of_Prussia
Child_#3	Henry of_Prussia
Alexander Patrick Gregers	Richard Alexander Walter of house of Windsor
Davina Elizabeth Alice of house of Windsor	Richard Alexander Walter of house of Windsor
Rose Victoria Birgitte of house of Windsor	Richard Alexander Walter of house of Windsor
Alfred	Alfred Ernest Albert
Marie of_Saxe-Coburg and_Gotha	Alfred Ernest Albert
Victoria Melita of_Edinburgh	Alfred Ernest Albert
Alexandra	Alfred Ernest Albert
Beatrice	Alfred Ernest Albert
Alice of_Battenberg	Louis of_Battenberg
Louise Alexandra of house of Mountbatten	Louis of_Battenberg
George of house of Mountbatten	Louis of_Battenberg
Louis of_Burma of house of Mountbatten	Louis of_Battenberg
Margarita of house of Mountbatten	Andrew of_Greece
Theodora of house of Mountbatten	Andrew of_Greece
Cecilie of_Greece of house of Mountbatten	Andrew of_Greece
Sophia #2	Andrew of_Greece
Philip of house of Mountbatten	Andrew of_Greece
Alexandra #2	Alexander of house of Duff
Maud of house of Carnegie	Alexander of house of Duff
James Robert Bruce of house of Ogilvy	Angus of house of Ogilvy
Marina Victoria Alexandra of house of Ogilvy	Angus of house of Ogilvy
George Philip of_St._Andrews of house of Windsor	Edward George Nicholas of house of Windsor
Helen Marina Lucy of house of Windsor	Edward George Nicholas of house of Windsor
Nicholas Charles Edward of house of Windsor	Edward George Nicholas of house of Windsor
Christian Victor	(Frederick) Christian Charles
Albert of_Schleswig- Holstein	(Frederick) Christian Charles
Helena Victoria	(Frederick) Christian Charles
Marie Louise	(Frederick) Christian Charles
Frederick Harold	(Frederick) Christian Charles
Margaret of_Sweden	Arthur William Patrick
Arthur of_Connaught	Arthur William Patrick
Patricia	Arthur William Patrick
Gustav Adolf	Gustav_VI Adolf
Ingrid Victoria of_Sweden	Gustav_VI Adolf
Sigvard Oscar Fredrik	Gustav_VI Adolf
Bertil Gustaf Oscar	Gustav_VI Adolf
Carl Johan Arthur	Gustav_VI Adolf
Alistair Arthur of_Connaught_2nd	Arthur of_Connaught
Alexander of_Mar of house of Ramsay	Alexander of house of Ramsay
Rupert	Alexander George of_Teck
Son_2 #3	Alexander George of_Teck
May Cambridge	Alexander George of_Teck
George_IV of house of Hanover	George_III of house of Hanover
Frederick of house of Hanover	George_III of house of Hanover
William_IV Henry of house of Hanover	George_III of house of Hanover
Charlotte Augusta Matilda of house of Hanover	George_III of house of Hanover
Edward Augustus of house of Hanover	George_III of house of Hanover
Augusta Sophia of house of Hanover	George_III of house of Hanover
Elizabeth of house of Hanover	George_III of house of Hanover
Ernest Augustus_I of house of Hanover	George_III of house of Hanover
Augustus Frederick of house of Hanover	George_III of house of Hanover
Adolphus of_Cambridge of house of Hanover	George_III of house of Hanover
Mary of house of Hanover	George_III of house of Hanover
Sophia of house of Hanover	George_III of house of Hanover
Octavius of house of Hanover	George_III of house of Hanover
Alfred of house of Hanover	George_III of house of Hanover
Amelia of house of Hanover	George_III of house of Hanover
George of_Cambridge	Adolphus of_Cambridge of house of Hanover
Augusta Caroline	Adolphus of_Cambridge of house of Hanover
Mary Adelaide "Fat_Mary"	Adolphus of_Cambridge of house of Hanover
Mary_of_Teck (May)	Francis
Adolphus 2nd	Francis
Francis #2	Francis
Alexander George of_Teck	Francis
Victoria of house of Hanover	Edward Augustus of house of Hanover
Ernest_II of_Saxe-Coburg- Saalfeld	Ernest_I of_Saxe-Coburg- Saalfeld
Albert Augustus Charles	Ernest_I of_Saxe-Coburg- Saalfeld
Charlotte Augusta of house of Hanover	George_IV of house of Hanover
Violet Hyacinth of house of Bowes-Lyon	Claude George of house of Bowes-Lyon
Mary Frances of house of Bowes-Lyon	Claude George of house of Bowes-Lyon
Patrick of house of Bowes-Lyon	Claude George of house of Bowes-Lyon
John Herbert of house of Bowes-Lyon	Claude George of house of Bowes-Lyon
Alexander Francis of house of Bowes-Lyon	Claude George of house of Bowes-Lyon
Fergus of house of Bowes-Lyon	Claude George of house of Bowes-Lyon
Rose of house of Bowes-Lyon	Claude George of house of Bowes-Lyon
Michael Claude of house of Bowes-Lyon	Claude George of house of Bowes-Lyon
Elizabeth Angela Marguerite of house of Bowes-Lyon	Claude George of house of Bowes-Lyon
David of house of Bowes-Lyon	Claude George of house of Bowes-Lyon
Cyril Vladimirovitch of house of Romanov	Vladimir of house of Romanov
Boris of house of Romanov	Vladimir of house of Romanov
Andrei (Andrew) Vladimirovich of house of Romanov	Vladimir of house of Romanov
Helen Vladimirovna of_Russia of house of Romanov	Vladimir of house of Romanov
Maria Pavlovna of house of Romanov	Paul Alexandrovich of house of Romanov
Dmitri Pavlovich of house of Romanov	Paul Alexandrovich of house of Romanov
Irina	Alexander Mikhailovich (Sandro) of house of Romanov
Andrew	Alexander Mikhailovich (Sandro) of house of Romanov
Theodore	Alexander Mikhailovich (Sandro) of house of Romanov
Nikita	Alexander Mikhailovich (Sandro) of house of Romanov
Dimitri	Alexander Mikhailovich (Sandro) of house of Romanov
Rostislav	Alexander Mikhailovich (Sandro) of house of Romanov
Vassily	Alexander Mikhailovich (Sandro) of house of Romanov
Beatrice Elizabeth Mary of house of Windsor	Andrew Albert Christian of house of Windsor
Eugenie Victoria Helena of house of Windsor	Andrew Albert Christian of house of Windsor
Jane Louisa of house of Ferguson	Ronald Ivor of house of Ferguson
Sarah Margaret of house of Ferguson	Ronald Ivor of house of Ferguson
Bessiewallis of house of Warfield	Teackle Wallis of house of Warfield
Claude George of house of Bowes-Lyon	Claude of house of Bowes-Lyon
Thomas George of house of Lyon-Bowes	Thomas of house of Lyon-Bowes
Claude of house of Bowes-Lyon	Thomas of house of Lyon-Bowes
John Lyon of house of Bowes	John of house of Lyon
Thomas of house of Lyon-Bowes	John of house of Lyon
Kathryn	John Herbert of house of Bowes-Lyon
Norissa	John Herbert of house of Bowes-Lyon
Helena Frederica of_Waldeck	George Victor of_Waldeck
Emma of_Netherlands	George Victor of_Waldeck
Louise Margaret of_Prussia	Frederick Charles of_Prussia
Cecilia Nina of house of Cavendish-Bentin	Charles of house of Cavendish-Bentin
Charlotte Augusta Louisa of house of Hanover	William_IV Henry of house of Hanover
Elizabeth Georgiana Adelaide of house of Hanover	William_IV Henry of house of Hanover
Twin-Boy_1	William_IV Henry of house of Hanover
Twin-Boy_2	William_IV Henry of house of Hanover
Frederick_VIII	Christian_IX
Alexandra of_Denmark "Alix"	Christian_IX
William George_I of_the_Hellenes of house of Oldenburg	Christian_IX
Dagmar "Marie" of_Denmark	Christian_IX
Thyra of_Denmark	Christian_IX
Valdemar	Christian_IX
Constantine_I of house of Oldenburg	William George_I of_the_Hellenes of house of Oldenburg
George of house of Oldenburg	William George_I of_the_Hellenes of house of Oldenburg
Alexandra of_Greece	William George_I of_the_Hellenes of house of Oldenburg
Nicholas of_Greece	William George_I of_the_Hellenes of house of Oldenburg
Mary #11	William George_I of_the_Hellenes of house of Oldenburg
Andrew of_Greece	William George_I of_the_Hellenes of house of Oldenburg
Christopher of house of Oldenburg	William George_I of_the_Hellenes of house of Oldenburg
Olga	William George_I of_the_Hellenes of house of Oldenburg
Marina of_Greece	Nicholas of_Greece
Child_2	Nicholas of_Greece
Child_3	Nicholas of_Greece
Olga #3	Nicholas of_Greece
Elizabeth #10	Nicholas of_Greece
Sarah of house of Spencer	Edward John VIII of house of Spencer
Jane of house of Spencer	Edward John VIII of house of Spencer
John of house of Spencer #2	Edward John VIII of house of Spencer
Diana Frances of house of Spencer	Edward John VIII of house of Spencer
Charles of house of Spencer	Edward John VIII of house of Spencer
Frederica of_Hesse- Darmstadt #2	Ludwig_IX of_Hesse- Darmstadt
George_V of house of Hanover	Ernest Augustus_I of house of Hanover
Ernest Augustus of_Cumberland of house of Hanover	George_V of house of Hanover
Frederica of house of Hanover	George_V of house of Hanover
Mary of house of Hanover #2	George_V of house of Hanover
Marie Louise of house of Hanover	Ernest Augustus of_Cumberland of house of Hanover
George William of house of Hanover	Ernest Augustus of_Cumberland of house of Hanover
Alexandra of house of Hanover	Ernest Augustus of_Cumberland of house of Hanover
Olga of house of Hanover	Ernest Augustus of_Cumberland of house of Hanover
Christian of house of Hanover	Ernest Augustus of_Cumberland of house of Hanover
Ernest Augustus of_Brunswick of house of Hanover	Ernest Augustus of_Cumberland of house of Hanover
George of house of FitzGeorge	George of_Cambridge
Adolphus	George of_Cambridge
Agustus	George of_Cambridge
Son_1	George of house of FitzGeorge
Dau._1	George of house of FitzGeorge
Dau._2	George of house of FitzGeorge
Adolphus Frederick_V	Frederick William
Son_1 #2	Adolphus Frederick_V
Son_2	Adolphus Frederick_V
Dau._1 #2	Adolphus Frederick_V
Dau._2 #2	Adolphus Frederick_V
George of_Cambridge #2	Adolphus 2nd
Son_2 #2	Adolphus 2nd
Mary #2	Adolphus 2nd
Helena	Adolphus 2nd
Edward_III	Edward_II
John of_Eltham	Edward_II
Eleanor	Edward_II
Joan of_the_Tower	Edward_II
David of house of Lascelles	George Earl_of_Harewood of house of Lascelles
James of house of Lascelles	George Earl_of_Harewood of house of Lascelles
Jeremy of house of Lascelles	George Earl_of_Harewood of house of Lascelles
Henry of house of Lascelles	Gerald of house of Lascelles
Louise of_Hesse-Cassel	William of_Hesse-Cassel
Other_issue	William of_Hesse-Cassel
William of_Hesse-Cassel	Frederick of_Hesse-Cassel
Augusta of_Hesse-Cassel	Frederick of_Hesse-Cassel
Claudine #2	Alexander of_Wurttemberg
Francis	Alexander of_Wurttemberg
Amelie	Alexander of_Wurttemberg
Paul of house of von_Hugel #2	Paul of house of von_Hugel
Carol_II of house of Hohenzollern	Ferdinand_I of_Hohenzollern- Sigmaringen of house of Hohenzollern
Elizabeth of_Romania of house of Hohenzollern	Ferdinand_I of_Hohenzollern- Sigmaringen of house of Hohenzollern
Marie (Mignon) of house of Hohenzollern	Ferdinand_I of_Hohenzollern- Sigmaringen of house of Hohenzollern
Nicholas of house of Hohenzollern	Ferdinand_I of_Hohenzollern- Sigmaringen of house of Hohenzollern
Ileana of house of Hohenzollern	Ferdinand_I of_Hohenzollern- Sigmaringen of house of Hohenzollern
Mircea of house of Hohenzollern	Ferdinand_I of_Hohenzollern- Sigmaringen of house of Hohenzollern
Mark of house of Lascelles	George Earl_of_Harewood of house of Lascelles
Martin of house of Lascelles	Gerald of house of Lascelles
Frederick of house of Windsor	Michael of house of Windsor
Gabriella Marina Alexandra of house of Windsor	Michael of house of Windsor
Frederick Louis of house of Hanover	George_II of house of Hanover
Anne of house of Hanover	George_II of house of Hanover
Amelia Sophia Eleanor of house of Hanover	George_II of house of Hanover
Caroline Elizabeth of house of Hanover	George_II of house of Hanover
Son	George_II of house of Hanover
George William of house of Hanover #2	George_II of house of Hanover
William Augustus of_Cumberland of house of Hanover	George_II of house of Hanover
Mary of house of Hanover #3	George_II of house of Hanover
Louisa of house of Hanover	George_II of house of Hanover
Augusta of house of Hanover	Frederick Louis of house of Hanover
George_III of house of Hanover	Frederick Louis of house of Hanover
Edward Augustus of house of Hanover #2	Frederick Louis of house of Hanover
Elizabeth Caroline of house of Hanover	Frederick Louis of house of Hanover
Edward Henry of_Gloucester of house of Hanover	Frederick Louis of house of Hanover
Henry Frederick of_Cumberland of house of Hanover	Frederick Louis of house of Hanover
Louisa Anne of house of Hanover	Frederick Louis of house of Hanover
Frederick William of house of Hanover	Frederick Louis of house of Hanover
Caroline Matilda of house of Hanover	Frederick Louis of house of Hanover
George_II of house of Hanover	George_I of house of Hanover
Sophia Dorothea of house of Hanover	George_I of house of Hanover
Christian	Frederick_V
Sophia Magdalena	Frederick_V
Caroline #2	Frederick_V
Christian_VII	Frederick_V
Louise #6	Frederick_V
Christian_IX	Frederick William of_Schleswig-
Marie	Alexander of_Hesse and_the_Rhine
Louis of_Battenberg	Alexander of_Hesse and_the_Rhine
Alexander of_Bulgaria	Alexander of_Hesse and_the_Rhine
Henry Maurice of_Battenberg	Alexander of_Hesse and_the_Rhine
Francis Joseph	Alexander of_Hesse and_the_Rhine
Louis_III of_Hesse	Louis_II of_Hesse and_the_Rhine
Charles of_Hesse	Louis_II of_Hesse and_the_Rhine
Alexander of_Hesse and_the_Rhine	Louis_II of_Hesse and_the_Rhine
Marie of_Hesse- Darmstadt	Louis_II of_Hesse and_the_Rhine
Julia of_Battenberg of house of von_Hauke	John Maurice of house of von_Hauke
Nicholas of house of Romanov	Constantine Nikolaievitch of_Russia
Olga Constantinovna	Constantine Nikolaievitch of_Russia
Constantine of house of Romanov	Constantine Nikolaievitch of_Russia
Dimitri of house of Romanov	Constantine Nikolaievitch of_Russia
Elizabeth Alexandra of_Saxe-	Joseph of_Saxe- Altenburg
Louis_IV of_Hesse	Charles of_Hesse
Henry #2	Charles of_Hesse
William #2	Charles of_Hesse
Anna	Charles of_Hesse
Charles of house of Cavendish-Bentin	William Charles Augustus of house of Cavendish-Bentin
Caroline Louisa of house of Burnaby	Edwyn of house of Burnaby
Frances Dora of house of Smith	Oswald of house of Smith
Edward John VIII of house of Spencer	Albert Edward John of house of Spencer
Frances of house of Burke_Roche	Edmund Maurice of house of Burke_Roche
Edmund Maurice of house of Burke_Roche	James Boothby of house of Burke_Roche
Frances Ellen of house of Work	Frank of house of Work
Ellen of house of Wood	John of house of Wood
Frank of house of Work	John of house of Work
James Boothby of house of Burke_Roche	Edmund of house of Burke_Roche
Elizabeth Caroline of house of Boothby	James Brownell of house of Boothby
Edmund of house of Burke_Roche	Edward of house of Roche
Cynthia Elinor Beatrix of house of Hamilton	James Albert Edward of house of Hamilton
Katharine of house of Seymour	James Albert Edward of house of Hamilton
James #2	James Albert Edward of house of Hamilton
James Albert Edward of house of Hamilton	James of house of Hamilton
Rosalind Cecilia Caroline of house of Bingham	George of house of Bingham
Ruth Sylvia of house of Gill	William Smith of house of Gill
William Smith of house of Gill	Alexander Ogston of house of Gill
Ruth of house of Littlejohn	David of house of Littlejohn
Delia Peel	Charles Robert of house of Spencer
Albert Edward John of house of Spencer	Charles Robert of house of Spencer
Lavinia Annaly	Charles Robert of house of Spencer
Charles Robert of house of Spencer	Frederick of house of Spencer
Margaret of house of Baring	Edward Charles of house of Baring
William	William_II
Eitel Frederick	William_II
Adalbert	William_II
Augustus William	William_II
Oscar	William_II
Joachim	William_II
Victoria Louise of_Prussia	William_II
George_II of house of Oldenburg	Constantine_I of house of Oldenburg
Alexander_I of house of Oldenburg	Constantine_I of house of Oldenburg
Helen of_Greece	Constantine_I of house of Oldenburg
Paul_I of house of Oldenburg	Constantine_I of house of Oldenburg
Child_5	Constantine_I of house of Oldenburg
Child_6	Constantine_I of house of Oldenburg
Iris of house of Mountbatten	Alexander of_Carisbrooke
Alphonso of_Cavadonga	Alfonso_XIII
James	Alfonso_XIII
Beatrice #2	Alfonso_XIII
Maria Christina	Alfonso_XIII
Don Jamie	Alfonso_XIII
Don Juan of_Spain	Alfonso_XIII
Gonzalo	Alfonso_XIII
Daughter Stillborn	Frederick William_III
Frederick William_IV	Frederick William_III
William_I of_Germany	Frederick William_III
Charlotte of_Prussia	Frederick William_III
Frederica	Frederick William_III
Charles	Frederick William_III
Alexandrine #2	Frederick William_III
Ferdinand #2	Frederick William_III
Louisa of_Prussia	Frederick William_III
Albert of_Prussia	Frederick William_III
Louise	William_I of_Germany
Frederick_III	William_I of_Germany
Dona_Maria of_Bourbon	Don Juan of_Spain
Juan Carlos	Don Juan of_Spain
Margarite	Don Juan of_Spain
Alphonso	Don Juan of_Spain
Peter_II of_Yugoslavia	Alexander_I of_Yugoslavia
Tomislav of_Yugoslavia	Alexander_I of_Yugoslavia
Andrej of_Yugoslavia	Alexander_I of_Yugoslavia
Helen	Juan Carlos
Christine	Juan Carlos
Philip of_Asturias	Juan Carlos
Ragnhild Alexandra	Olav_V
Astrid Maud Ingeborg	Olav_V
Harald	Olav_V
Martha Louise	Harald
Haakon of_Norway of house of Magnus	Harald
Gustav_VI Adolf	Gustav_V
William #8	Gustav_V
Erik of_Vastmanland	Gustav_V
Gustav_V	Oscar_II
Oscar #2	Oscar_II
Charles of_Sweden	Oscar_II
Eugene	Oscar_II
George Donatus of_Hesse	Ernest Louis of_Hesse
Louis	Ernest Louis of_Hesse
Louis #6	George Donatus of_Hesse
Alexander #6	George Donatus of_Hesse
Joanna	George Donatus of_Hesse
Michael of house of Hohenzollern	Carol_II of house of Hohenzollern
Margarita of_Romania	Michael of house of Hohenzollern
Helen of_Romania	Michael of house of Hohenzollern
Irina #2	Michael of house of Hohenzollern
Sophie	Michael of house of Hohenzollern
Maria #2	Michael of house of Hohenzollern
Sophia of_Greece of house of Oldenburg	Paul_I of house of Oldenburg
Constantine_II of house of Oldenburg	Paul_I of house of Oldenburg
Irene of_Greece of house of Oldenburg	Paul_I of house of Oldenburg
Alexia of house of Oldenburg	Constantine_II of house of Oldenburg
Paul of_Sparta of house of Oldenburg	Constantine_II of house of Oldenburg
Nicholas of house of Oldenburg	Constantine_II of house of Oldenburg
UNKNOWN of house of Oldenburg	Constantine_II of house of Oldenburg
UNKNOWN of house of Oldenburg #2	Constantine_II of house of Oldenburg
Alexandra of_Greece #2	Alexander_I of house of Oldenburg
Alexander	Peter_II of_Yugoslavia
Five_children	Gottfried of_Hohenlohe- Lagenburg
Four_Children	Berthold of_Baden
Eight_children	George William of_Hanover
Alexander of_Wurttemberg	Ludwig of_Wurttemberg
Maria	Ludwig of_Wurttemberg
Amalie of_Wurttemberg	Ludwig of_Wurttemberg
Patricia of house of Mountbatten	Louis of_Burma of house of Mountbatten
Pamela of house of Mountbatten	Louis of_Burma of house of Mountbatten
Tatiana Elizabeth of house of Mountbatten	George of house of Mountbatten
David of_Milford_Haven of house of Mountbatten	George of house of Mountbatten
Five_children #2	John Knatchbull of house of Ulick
Two_Children	David of house of Hicks
Pepin the_Hunchback	Charlemagne
Frederick Francis_II of_Mecklenburg-	Paul Frederick
William #3	William
Louis Ferdinand of_Prussia	William
Hubertus	William
Frederick #3	William
Alexandrine	William
Cecilie	William
Dau._1 #3	William #3
Dau._2 #3	William #3
Friedrich Wilhelm of_Prussia	Louis Ferdinand of_Prussia
Michael of_Prussia	Louis Ferdinand of_Prussia
Marie-Cecile of_Prussia	Louis Ferdinand of_Prussia
Louis Ferdinand of_Prussia #2	Louis Ferdinand of_Prussia
Christian Sigismund of_Prussia	Louis Ferdinand of_Prussia
Dau._2 #4	Louis Ferdinand of_Prussia
Dau._3	Louis Ferdinand of_Prussia
Dau._1 #4	Hubertus
Dau._2 #5	Hubertus
Son_1 #3	Frederick #3
Son_2 #4	Frederick #3
Son_3	Frederick #3
Dau._1 #5	Frederick #3
Dau._2 #6	Frederick #3
Ernest Augustus of_Hanover of house of Hanover	Ernest Augustus of_Brunswick of house of Hanover
George William of house of Hanover #3	Ernest Augustus of_Brunswick of house of Hanover
Frederica of_Hanover of house of Hanover	Ernest Augustus of_Brunswick of house of Hanover
Christian of house of Hanover #2	Ernest Augustus of_Brunswick of house of Hanover
Guelph Henry of house of Hanover	Ernest Augustus of_Brunswick of house of Hanover
Monika of_Solms-Laubach of house of Hanover	Ernest Augustus of_Brunswick of house of Hanover
Frederica Charlotte of_Prussia	Frederick William_II
Frederick William_III	Frederick William_II
Christine #2	Frederick William_II
Louis #2	Frederick William_II
Wilhelmina	Frederick William_II
Son Stillborn	Frederick William_II
Augusta	Frederick William_II
Charles #3	Frederick William_II
William #4	Frederick William_II
William_II of_Netherlands	William_I of_Netherlands
Frederik of_Netherlands	William_I of_Netherlands
Charlotte #3	William_I of_Netherlands
Marianne of_Netherlands	William_I of_Netherlands
Frederick William_II	Augustus William #2
Frederick Henry Charles	Augustus William #2
Wilhelmine	Augustus William #2
George Charles Emil	Augustus William #2
Friedrich Wilhelm of_Nassau-Weilb	Charles Christian of_Nassau-Weilb
Henriette	Charles Christian of_Nassau-Weilb
Wilhelm of_Nassau	Friedrich Wilhelm of_Nassau-Weilb
Adolphe of_Luxembourg	Wilhelm of_Nassau
Sophia	Wilhelm of_Nassau
Guillaume_IV of_Luxembourg	Adolphe of_Luxembourg
Charlotte of_Luxembourg	Guillaume_IV of_Luxembourg
Jean of_Luxembourg	Unknown #5
Maria of_Russia	Cyril Vladimirovitch of house of Romanov
Kira of_Russia	Cyril Vladimirovitch of house of Romanov
Vladimir Cyrilovitch of house of Romanov	Cyril Vladimirovitch of house of Romanov
Maria of_Russia #2	Vladimir Cyrilovitch of house of Romanov
Margaretha	Charles of_Sweden
Martha of_Sweden	Charles of_Sweden
Astrid of_Sweden	Charles of_Sweden
Carl Gustaf Oscar	Charles of_Sweden
Josephine Charlotte	Leopold_III
Baudouin_I of_the_Belgians	Leopold_III
Albert	Leopold_III
Margaretha of_Sweden	Gustav Adolf
Birgitta of_Sweden	Gustav Adolf
Desiree of_Sweden	Gustav Adolf
Christina Louise Helen	Gustav Adolf
Carl_XVI Gustav	Gustav Adolf
Christian_X	Frederick_VIII
Charles Haakon_VII	Frederick_VIII
Louise #9	Frederick_VIII
Harold	Frederick_VIII
Ingeborg of_Denmark	Frederick_VIII
Thyra	Frederick_VIII
Gustav	Frederick_VIII
Dagmar	Frederick_VIII
Frederick_IX	Christian_X
Knud	Christian_X
Victoria Ingrid Alice	Carl_XVI Gustav
Carl Philip	Carl_XVI Gustav
Madeleine Therese Amelie	Carl_XVI Gustav
Leopold_I of_Anhalt-Dessau	Johann Georg_II of_Anhalt-Dessau
Henriette Amalie	Johann Georg_II of_Anhalt-Dessau
John William of_Orange of house of Friso	Heinrich Kasimir of_Nassau-Dietz
William_IV of_Orange	John William of_Orange of house of Friso
Charlotte Amalia	John William of_Orange of house of Friso
Karl Friedrich of_Baden	Friedrich of_Baden-Durlach
Karl Ludwig of_Baden	Karl Friedrich of_Baden
Karl of_Baden	Karl Ludwig of_Baden
Caroline of_Baden	Karl Ludwig of_Baden
Marie #2	Karl of_Baden
Mary #3	William Alexander of_Hamilton
Louis_II of_Monaco	Albert_I of_Monaco
Charlotte	Louis_II of_Monaco
Rainier_III of_Monaco	Pierre of house of de_Polignac
Maximilian of house of Wittelsbach	Maximilian_I Joseph of house of Wittelsbach
Elizabeth (twin) of_Bavaria of house of Wittelsbach	Maximilian_I Joseph of house of Wittelsbach
Amelia (twin) of house of Wittelsbach	Maximilian_I Joseph of house of Wittelsbach
Maria (twin) of house of Wittelsbach	Maximilian_I Joseph of house of Wittelsbach
Sophie (twin) of house of Wittelsbach	Maximilian_I Joseph of house of Wittelsbach
Ludovica (Louise) of house of Wittelsbach	Maximilian_I Joseph of house of Wittelsbach
Maximiliana of house of Wittelsbach	Maximilian_I Joseph of house of Wittelsbach
Karl Ludwig	Franz Karl of_Austria
Karl_I of_Austria	Otto
Otto of_Austria	Karl_I of_Austria
Otto	Karl Ludwig
Elisabeth Amalia	Karl Ludwig
Franz_Joseph_II of_Liechtenstein	Aloys of_Liechtenstein
William_V of_Orange #2	William_IV of_Orange
Caroline	William_IV of_Orange
Frederica #2	William_V of_Orange #2
William_I of_Netherlands	William_V of_Orange #2
Frederick #7	William_V of_Orange #2
William_III of_Netherlands	William_II of_Netherlands
Alexander #5	William_II of_Netherlands
Henry #10	William_II of_Netherlands
Ernest	William_II of_Netherlands
Sophie #5	William_II of_Netherlands
Wilhelmina of_Netherlands	William_III of_Netherlands
Juliana of_Netherlands	Henry of_Mecklenburg
Beatrix of_Netherlands	Bernhard of_Lippe- Biesterfeld
Irene	Bernhard of_Lippe- Biesterfeld
Margaret #3	Bernhard of_Lippe- Biesterfeld
Mary Christina	Bernhard of_Lippe- Biesterfeld
Leopold_II of_Anhalt-Dessau	Leopold_I of_Anhalt-Dessau
Agnes	Leopold_II of_Anhalt-Dessau
Agnes #2	Johann of house of Just
Hermann von_Seherr-Thoss	Ernst von_Seherr-Thoss
Marguerite	Hermann von_Seherr-Thoss
Cyula Apponyi_de Nagy-Appony	Lajos Apponyi_de Nagy-Appony
Geraldine	Cyula Apponyi_de Nagy-Appony
Leka_I of_Albania	Zog_I of_Albania
Karl Ferdinand	Karl of_Austria
Maria Cristina of_Austria	Karl Ferdinand
Maria de_las_Mercedes #2	Alfonso_XII
Maria Theresa #3	Alfonso_XII
Alfonso_XIII	Alfonso_XII
Elisabeth of_Austria	Joseph of_Austria
Maria Theresa	Ferdinand of_Austria-Este
Rupprecht of_Bavaria	Ludwig_III of house of Wittelsbach
Luitpold #2	Rupprecht of_Bavaria
Irmingard	Rupprecht of_Bavaria
Albrecht (Albert)	Rupprecht of_Bavaria
Rudolf	Rupprecht of_Bavaria
Daughter	George of_Denmark
Mary #4	George of_Denmark
Anne Sophia	George of_Denmark
Son #2	George of_Denmark
William of_Gloucester	George of_Denmark
Mary #5	George of_Denmark
George	George of_Denmark
Daughter #2	George of_Denmark
Daughter #3	George of_Denmark
Son #3	George of_Denmark
Son #4	George of_Denmark
Daughter #4	George of_Denmark
Charles of_Cambridge	James_II of house of Stuart
Mary_II	James_II of house of Stuart
James of_Cambridge	James_II of house of Stuart
Anne of house of Stuart	James_II of house of Stuart
Charles #4	James_II of house of Stuart
Edgar of_Cambridge	James_II of house of Stuart
Henrietta	James_II of house of Stuart
Catherine	James_II of house of Stuart
Catherine Laura of house of Stuart	James_II of house of Stuart
Charles of_Cambridge of house of Stuart	James_II of house of Stuart
Charlotte Maria of house of Stuart	James_II of house of Stuart
James Francis Edward of house of Stuart	James_II of house of Stuart
Louisa Maria Theresa of house of Stuart	James_II of house of Stuart
Charles Edward Louis of house of Stuart	James Francis Edward of house of Stuart
Henry Benedict Thomas of house of Stuart	James Francis Edward of house of Stuart
Henry Frederick of house of Stuart	James_I of house of Stuart
Elizabeth of house of Stuart	James_I of house of Stuart
Margaret of house of Stuart	James_I of house of Stuart
Charles_I of house of Stuart	James_I of house of Stuart
Robert of house of Stuart	James_I of house of Stuart
Son #5	James_I of house of Stuart
Mary of house of Stuart	James_I of house of Stuart
Sophia of house of Stuart	James_I of house of Stuart
Frederick Henry	Frederick_V of_Palatinate
Charles Louis	Frederick_V of_Palatinate
Rupert of_Cumberland	Frederick_V of_Palatinate
Maurice #2	Frederick_V of_Palatinate
Edward	Frederick_V of_Palatinate
Philip #2	Frederick_V of_Palatinate
Elizabeth of_Hervorden	Frederick_V of_Palatinate
Louisa Hollandine of_Maubisson	Frederick_V of_Palatinate
Henrietta Maria	Frederick_V of_Palatinate
Charlotte #4	Frederick_V of_Palatinate
Sophia of house of Hanover #2	Frederick_V of_Palatinate
George_I of house of Hanover	Ernest Augustus of_Brunswick
Frederick Augustus #2	Ernest Augustus of_Brunswick
Maximilian William	Ernest Augustus of_Brunswick
Charles Philip	Ernest Augustus of_Brunswick
Christian #5	Ernest Augustus of_Brunswick
Ernest Augustus	Ernest Augustus of_Brunswick
Sophia Charlotte	Ernest Augustus of_Brunswick
Frederick Augustus	Frederick_I
Son (stillborn)	Frederick_I
Frederick William_I	Frederick_I
Anne of_Denmark	Frederick_II of_Denmark and_Norway
Christian_IV	Frederick_II of_Denmark and_Norway
Ulrich	Frederick_II of_Denmark and_Norway
Augusta #2	Frederick_II of_Denmark and_Norway
Hedwig #2	Frederick_II of_Denmark and_Norway
William_III of_Orange of house of Stuart	William_II of_Orange
Charles James of house of Stuart	Charles_I of house of Stuart
Charles_II of house of Stuart	Charles_I of house of Stuart
Mary of house of Stuart #2	Charles_I of house of Stuart
James_II of house of Stuart	Charles_I of house of Stuart
Elizabeth of house of Stuart #2	Charles_I of house of Stuart
Anne of house of Stuart #2	Charles_I of house of Stuart
Catherine of house of Stuart	Charles_I of house of Stuart
Henry of_Gloucester of house of Stuart	Charles_I of house of Stuart
Henrietta Anne of house of Stuart	Charles_I of house of Stuart
Louis_XIII	Henry_IV the_Great
Elizabeth of_France	Henry_IV the_Great
Marie Christine #2	Henry_IV the_Great
Gaston	Henry_IV the_Great
Henrietta Maria of_France	Henry_IV the_Great
Marie Louise #2	Philippe of_Orleans
Anna Maria	Philippe of_Orleans
Catherine of_Braganza	John_IV the_Fortunate
Mary Beatrice of_Modena	Alfonso_IV of house of d'Este
Adelaide Louisa Theresa	George_I of_Saxe- Meiningen
William Frederick of_Gloucester	Edward Henry of_Gloucester of house of Hanover
Sophia #4	Edward Henry of_Gloucester of house of Hanover
Frederick_VI	Christian_VII
Louise Augusta	Christian_VII
Arthur of house of Tudor	Henry_VII of house of Tudor
Margaret of house of Tudor	Henry_VII of house of Tudor
Henry_VIII of house of Tudor	Henry_VII of house of Tudor
Elizabeth of house of Tudor	Henry_VII of house of Tudor
Mary of house of Tudor	Henry_VII of house of Tudor
Edmund of house of Tudor	Henry_VII of house of Tudor
Katherine of house of Tudor	Henry_VII of house of Tudor
Louisa Emily Charlotte of house of Bulteel	John Crocker of house of Bulteel
Adelaide Horatia Elizabeth of house of Seymour	Horace Beauchamp of house of Seymour
Frederick of house of Spencer	George John of house of Spencer
Edward Charles of house of Baring	Henry of house of Baring
Mary Anna of house of Curzon-Howe	UNKNOWN
James of house of Hamilton	UNKNOWN #2
George of house of Bingham	George Charles of house of Bingham
Cecilia Catherine of house of Gordon-Lennox	Charles Lennox of_Richmond
Alexander Ogston of house of Gill	David of house of Gill
Barbara Smith of house of Marr	William Smith of house of Marr
David of house of Littlejohn	William of house of Littlejohn
Jane of house of Crombie	James of house of Crombie
Alice Christabel of house of Montagu-Douglas	John_Charles of_Buccleuch VII
Raine of_Dartmouth of house of McCorquodale	Alexander (Sachie) of house of McCorquodale
Laura Jane of house of Fellowes	Robert of house of Fellowes
Robert of house of Fellowes	William of house of Fellowes
John Andrew of house of Ferguson	Andrew of house of Ferguson
Ronald Ivor of house of Ferguson	Andrew of house of Ferguson
Andrew of house of Ferguson	Algernon Francis of house of Ferguson
Algernon Francis of house of Ferguson	John of house of Ferguson
John of house of Ferguson	Thomas of house of Ferguson
Thomas of house of Ferguson	John of house of Ferguson #2
John of house of Ferguson #2	James of house of Ferguson
Susan Mary of house of Wright	Fitzherbert of house of Wright
Seamus of house of Makim	Alex of house of Makim
Ayesha of house of Makim	Alex of house of Makim
James_V	James_IV
Henry of house of Brandon	Charles of house of Brandon
Frances of house of Brandon	Charles of house of Brandon
Eleanor of house of Brandon	Charles of house of Brandon
Daughter of house of Tudor	Henry_VIII of house of Tudor
Henry_(1) of house of Tudor	Henry_VIII of house of Tudor
Henry_(2) of house of Tudor	Henry_VIII of house of Tudor
Son of house of Tudor	Henry_VIII of house of Tudor
Mary_I of house of Tudor	Henry_VIII of house of Tudor
Daughter of house of Tudor #2	Henry_VIII of house of Tudor
Isabella #6	Ferdinand_V
John #10	Ferdinand_V
Joanna the_Mad (Juana)	Ferdinand_V
Mary #13	Ferdinand_V
Catherine of_Aragon	Ferdinand_V
Elizabeth_I of house of Tudor	Henry_VIII of house of Tudor
Son of house of Tudor #2	Henry_VIII of house of Tudor
Edward_VI of house of Tudor	Henry_VIII of house of Tudor
Anne of_Cleves	John_III
Catherine of house of Howard	Edmund of house of Howard
Jane of house of Seymour	John of house of Seymour
Daughter of house of Seymour	Thomas of house of Seymour
Catherine of house of Parr	Thomas of_Kendal of house of Parr
William of_Northampton of house of Parr	Thomas of_Kendal of house of Parr
Philip_II	Charles_V
Peter of_Yugoslavia	Alexander
Philip of_Yugoslavia	Alexander
Alexander of_Yugoslavia	Alexander
Nikolas K. of house of George	Tomislav of_Yugoslavia
Katarina K. of house of George	Tomislav of_Yugoslavia
George K. of house of George	Tomislav of_Yugoslavia
Tatiana Maria	Andrej of_Yugoslavia
Christopher K. of house of George	Andrej of_Yugoslavia
Vladimir K. of house of George	Andrej of_Yugoslavia
Dimitrye K. of house of George	Andrej of_Yugoslavia
Louis_XV	Louis #5
George of_Russia	Franz Wilhelm of_Prussia
Emich of_Leiningen	Karl of_Leiningen
Karl of_Leiningen #2	Karl of_Leiningen
Kira Melita of_Leiningen	Karl of_Leiningen
Margarita	Karl of_Leiningen
Mechtilde	Karl of_Leiningen
Friedrich of_Leiningen	Karl of_Leiningen
Melita	Emich of_Leiningen
Karl	Emich of_Leiningen
Andreas	Emich of_Leiningen
Stephanie	Emich of_Leiningen
Ferdinand #3	Andreas
Ulf of house of Bauscher	Karl of house of Bauscher
Berthold of house of Bauscher	Karl of house of Bauscher
Johan of house of Bauscher	Karl of house of Bauscher
Isabella of_Angouleme	Aymer of_Angouleme of house of Taillefer
Daughter #5	Christian Sigismund of_Prussia
Georg Friedrich	Louis Ferdinand of_Prussia #2
Corneilie-Cecile	Louis Ferdinand of_Prussia #2
Micaela	Michael of_Prussia
Nataly	Michael of_Prussia
Philip	Friedrich Wilhelm of_Prussia
Friedrich	Friedrich Wilhelm of_Prussia
Viktoria	Friedrich Wilhelm of_Prussia
Joachim #2	Friedrich Wilhelm of_Prussia
Emily	David of house of Lascelles
Benjamin	David of house of Lascelles
Alexander of house of Lascelles	David of house of Lascelles
Edward of house of Lascelles	David of house of Lascelles
Sophie of house of Lascelles	James of house of Lascelles
Rowan of house of Lascelles	James of house of Lascelles
Thomas of house of Lascelles	Jeremy of house of Lascelles
Ellen of house of Lascelles	Jeremy of house of Lascelles
James George Alexander of house of Carnegie	Charles of_Southesk
Alexandra of house of Carnegie	James George Alexander of house of Carnegie
David Charles of house of Carnegie	James George Alexander of house of Carnegie
Cathrine of house of Ferner	Johan Martin of house of Ferner
Benedickte of house of Ferner	Johan Martin of house of Ferner
Alexander of house of Ferner	Johan Martin of house of Ferner
Elisabeth of house of Ferner	Johan Martin of house of Ferner
Carl Christian of house of Ferner	Johan Martin of house of Ferner
Haakon of house of Lorentzen	Erling of house of Lorentzen
Ingeborg of house of Lorentzen	Erling of house of Lorentzen
Ragnhild Alexandra of house of Lorentzen	Erling of house of Lorentzen
Son of house of Hohenzollern	Carol_II of house of Hohenzollern
Nicholas of house of Medforth-Mills	Robin of house of Medforth-Mills
Michael of house of Kreuger	John of house of Kreuger
Katharine of house of Worsley	William of house of Worsley
Edward #2	Richard_III
Isabel of house of Nevill	Richard of house of Neville
Anne of house of Nevill	Richard of house of Neville
Edward_IV	Richard of house of Plantagenet
Edmund	Richard of house of Plantagenet
George #2	Richard of house of Plantagenet
Richard_III	Richard of house of Plantagenet
Anne	Richard of house of Plantagenet
Elizabeth	Richard of house of Plantagenet
Margaret	Richard of house of Plantagenet
Ursula	Richard of house of Plantagenet
Richard of house of Nevill	Ralph of_Westmoreland 1st
Cicely of house of Nevill	Ralph of_Westmoreland 1st
Elizabeth of_York	Edward_IV
Mary #6	Edward_IV
Cicely	Edward_IV
Edward_V	Edward_IV
Margaret #2	Edward_IV
Richard	Edward_IV
Anne #2	Edward_IV
George #3	Edward_IV
Catherine #2	Edward_IV
Bridget	Edward_IV
Son of house of Grey	John of house of Grey
Son_2 of house of Grey	John of house of Grey
Edward #4	George #2
Margaret of_Salisbury	George #2
Richard of house of Plantagenet	Richard of_Cambridge of house of Plantagenet
Isabel of house of Plantagenet	Richard of_Cambridge of house of Plantagenet
Louise of_Sweden	Charles_XV
Louise #3	Frederik of_Netherlands
Frederick #2	Frederik of_Netherlands
William #10	Frederik of_Netherlands
Marie #4	Frederik of_Netherlands
Caroline Louise of house of Hanover	Christian of house of Hanover #2
Mireille of house of Hanover	Christian of house of Hanover #2
Guelph of house of Hanover	George William of house of Hanover #3
George of house of Hanover	George William of house of Hanover #3
Fredericka of house of Hanover	George William of house of Hanover #3
Marie of house of Hanover	Ernest Augustus of_Hanover of house of Hanover
Ernest Augustus of_Hanover of house of Hanover #2	Ernest Augustus of_Hanover of house of Hanover
Ludwig Rudolph of house of Hanover	Ernest Augustus of_Hanover of house of Hanover
Olga of house of Hanover #2	Ernest Augustus of_Hanover of house of Hanover
Alexandra of house of Hanover #2	Ernest Augustus of_Hanover of house of Hanover
Heinrich Julius of house of Hanover	Ernest Augustus of_Hanover of house of Hanover
Ernest Augustus of house of Hanover	Ernest Augustus of_Hanover of house of Hanover #2
Christian Heinrich of house of Hanover	Ernest Augustus of_Hanover of house of Hanover #2
Otto of house of Hanover	Ludwig Rudolph of house of Hanover
Anne of_Bourbon-Parma	Rene of_Bourbon-Parma
Joana Maria Valentina of house of Lambrino	Constantine of house of Lambrino
Mergrethe_II	Frederick_IX
Benedikte	Frederick_IX
Anne-Marie of_Denmark	Frederick_IX
Aspasia of house of Manos	Petros of house of Manos
Frederick_I of_Wurttemberg	Frederick Eugene of house of Wurttemberg
William_I of_Wurttemberg of house of Wurttemberg	Frederick_I of_Wurttemberg
Catherine of house of Wurttemberg	Frederick_I of_Wurttemberg
Sophia Dorothea of house of Wurttemberg	Frederick_I of_Wurttemberg
Paul of house of Wurttemberg	Frederick_I of_Wurttemberg
Marie of house of Wurttemberg	William_I of_Wurttemberg of house of Wurttemberg
Sophie of house of Wurttemberg	William_I of_Wurttemberg of house of Wurttemberg
Catherine of house of Wurttemberg #2	William_I of_Wurttemberg of house of Wurttemberg
Charles_I of_Wurttemberg of house of Wurttemberg	William_I of_Wurttemberg of house of Wurttemberg
Augusta of house of Wurttemberg	William_I of_Wurttemberg of house of Wurttemberg
Charlotte of house of Wurttemberg	Paul of house of Wurttemberg
Frederick of house of Wurttemberg	Paul of house of Wurttemberg
Paul of house of Wurttemberg #2	Paul of house of Wurttemberg
Pauline of house of Wurttemberg	Paul of house of Wurttemberg
August of house of Wurttemberg	Paul of house of Wurttemberg
William_II of_Wurttemberg of house of Wurttemberg	Frederick of house of Wurttemberg
Pauline of house of Wurttemberg #2	William_II of_Wurttemberg of house of Wurttemberg
Ulrich of house of Wurttemberg	William_II of_Wurttemberg of house of Wurttemberg
William of_Hohenzollern of house of Hohenzollern	Leopold of_Hohenzollern of house of Hohenzollern
Ferdinand_I of_Hohenzollern- Sigmaringen of house of Hohenzollern	Leopold of_Hohenzollern of house of Hohenzollern
Charles Anthony of house of Hohenzollern	Leopold of_Hohenzollern of house of Hohenzollern
Leopold of_Hohenzollern of house of Hohenzollern	Charles Anthony of house of Hohenzollern #2
Stephanie of house of Hohenzollern	Charles Anthony of house of Hohenzollern #2
Carol_I of_Romania of house of Hohenzollern	Charles Anthony of house of Hohenzollern #2
Anthony of house of Hohenzollern	Charles Anthony of house of Hohenzollern #2
Frederick of house of Hohenzollern	Charles Anthony of house of Hohenzollern #2
Marie of house of Hohenzollern	Charles Anthony of house of Hohenzollern #2
Baudouin	Philip of_Flanders
Henriette (twin)	Philip of_Flanders
Josephine (twin)	Philip of_Flanders
Josephine of_Belgium	Philip of_Flanders
Albert_I	Philip of_Flanders
Leopold_III	Albert_I
Charles of_Belgium	Albert_I
Marie Jose	Albert_I
Philippe	Albert
Astrid	Albert
Laurent	Albert
Alexandre	Leopold_III
Marie Christine	Leopold_III
Marie Esmeralda	Leopold_III
Ludwig_I of house of Wittelsbach	Maximilian_I Joseph of house of Wittelsbach
Auguste of house of Wittelsbach	Maximilian_I Joseph of house of Wittelsbach
Amelia of house of Wittelsbach	Maximilian_I Joseph of house of Wittelsbach
Charlotte of_Bavaria of house of Wittelsbach	Maximilian_I Joseph of house of Wittelsbach
Charles of house of Wittelsbach	Maximilian_I Joseph of house of Wittelsbach
Maximilian_II	Ludwig_I of house of Wittelsbach
Mathilde	Ludwig_I of house of Wittelsbach
Otto_I Friedrich Ludwig of house of Wittelsbach	Ludwig_I of house of Wittelsbach
Theodolinde	Ludwig_I of house of Wittelsbach
Luitpold	Ludwig_I of house of Wittelsbach
Adelgunde	Ludwig_I of house of Wittelsbach
Hildegarde	Ludwig_I of house of Wittelsbach
Adalbert #2	Ludwig_I of house of Wittelsbach
Ludwig_II of house of Wittelsbach	Maximilian_II
Otto_I of house of Wittelsbach	Maximilian_II
Frederick Louis	Frederick William_I
Frederick William #2	Frederick William_I
Frederick_II the_Great	Frederick William_I
Charlotte Albertine	Frederick William_I
Frederica Louise	Frederick William_I
Philippine Charlotte	Frederick William_I
Louis Charles William	Frederick William_I
Sophia #3	Frederick William_I
Louise Ulrika	Frederick William_I
Augustus William #2	Frederick William_I
Anna Amelia	Frederick William_I
Henry #4	Frederick William_I
Ferdinand #4	Frederick William_I
Louise #4	Frederick_I
Frederick_I #2	Frederick_I
Ludwig_III of house of Wittelsbach	Luitpold
Leopold #2	Luitpold
Therese	Luitpold
Amulf	Luitpold
Henry #5	Rupprecht of_Bavaria
Irmingard #2	Rupprecht of_Bavaria
Editha	Rupprecht of_Bavaria
Hilda	Rupprecht of_Bavaria
Gabriele	Rupprecht of_Bavaria
Sophie #2	Rupprecht of_Bavaria
Ludwig	Maximilian Joseph
Helene	Maximilian Joseph
Elizabeth #2	Maximilian Joseph
Karl Theodor "Gackl"	Maximilian Joseph
Maria #3	Maximilian Joseph
Mathilde #2	Maximilian Joseph
Sophie #3	Maximilian Joseph
Maximilian	Maximilian Joseph
Elisabeth of_Bavaria	Karl Theodor "Gackl"
Maria Gabriele of_Bavaria	Karl Theodor "Gackl"
William Alexander	Claus of house of von_Amsberg
John Friso	Claus of house of von_Amsberg
Constantine	Claus of house of von_Amsberg
Claus of house of von_Amsberg	Claus of house of von_Amsberg #2
Henry of_Mecklenburg	Frederick Francis_II of_Mecklenburg-
Henry_IV the_Great	Antoine de_Bourbon of_France
William #9	William_III of_Netherlands
Maurice #3	William_III of_Netherlands
Alexander #4	William_III of_Netherlands
Edward #3	Henry_VI
Henry_VI	Henry_V
Son #6	Henry_IV
Henry_V	Henry_IV
Thomas	Henry_IV
John	Henry_IV
Humphrey of_Gloucester	Henry_IV
Blanche	Henry_IV
Philippa	Henry_IV
Edward #5	Edward_III
Isabella #2	Edward_III
Joan (Joanna)	Edward_III
William of_Hatfield	Edward_III
Lionel of_Antwerp	Edward_III
John of_Gaunt	Edward_III
Edmund of_Langley	Edward_III
Blanche #2	Edward_III
Mary #7	Edward_III
Margaret #4	Edward_III
William of_Windsor	Edward_III
Thomas of_Woodstock	Edward_III
Philippa of_Lancaster	John of_Gaunt
Elizabeth #5	John of_Gaunt
Henry_IV	John of_Gaunt
Alfonso_XII	Don_Francisco of house of de_Asis
Isabella_II	Ferdinand_VII
James_I of house of Stuart	Henry of house of Stuart
Mary of house of Stuart #3	James_V
James_IV	James_III
James #3	James_III
John #9	James_III
Henry_VII of house of Tudor	Edmund of house of Tudor #2
Louis_XII	Charles of_Orleans
Eleanor #2	Edward_I (Longshanks)
Joan	Edward_I (Longshanks)
John #2	Edward_I (Longshanks)
Henry #6	Edward_I (Longshanks)
Julian (Katherine)	Edward_I (Longshanks)
Joan of_Acre	Edward_I (Longshanks)
Alfonso	Edward_I (Longshanks)
Margaret #5	Edward_I (Longshanks)
Berengaria	Edward_I (Longshanks)
Mary #8	Edward_I (Longshanks)
Alice	Edward_I (Longshanks)
Elizabeth #3	Edward_I (Longshanks)
Edward_II	Edward_I (Longshanks)
Beatrice #3	Edward_I (Longshanks)
Blanche #3	Edward_I (Longshanks)
Thomas of_Brotherton	Edward_I (Longshanks)
Edmund of_Woodstock	Edward_I (Longshanks)
Eleanor #3	Edward_I (Longshanks)
Edward_I (Longshanks)	Henry_III
Margaret #6	Henry_III
Beatrice #4	Henry_III
Edmund Crouchback of_Leicester	Henry_III
Richard #2	Henry_III
John #3	Henry_III
Katherine	Henry_III
William #5	Henry_III
Henry #7	Henry_III
George John of house of Spencer	John of house of Spencer
Alexander_I of house of Romanov	Paul_I of house of Romanov
Anna Pavlovna	Paul_I of house of Romanov
Nicholas_I of house of Romanov	Paul_I of house of Romanov
Konstantin of house of Romanov	Alexander_I of house of Romanov
Paul_I of house of Romanov	Peter_III of house of Romanov
Anna Petrovna of house of Romanov	Peter_I the_Great of house of Romanov
Elizabeth Petrovna of house of Romanov	Peter_I the_Great of house of Romanov
Peter_III of house of Romanov	Charles Frederick of_Holstein-
Alexis of house of Romanov #2	Peter_I the_Great of house of Romanov
Peter_II of house of Romanov	Alexis of house of Romanov #2
Sophia of house of Romanov	Alexis_I Michaylovich of house of Romanov
Ivan of house of Romanov	Alexis_I Michaylovich of house of Romanov
Feodor_III (Theodore) of house of Romanov	Alexis_I Michaylovich of house of Romanov
Alexis_I Michaylovich of house of Romanov	Mikhail_III Feodorovich of house of Romanov
Peter_I the_Great of house of Romanov	Alexis_I Michaylovich of house of Romanov
Ivan_V of house of Romanov	Feodor_III (Theodore) of house of Romanov
Yekaterina of_Mecklenburg	Ivan_V of house of Romanov
Anna Ioannovna of house of Romanov	Ivan_V of house of Romanov
Anna Leopoldovna of_Brunswick	Unknown #23
Ivan_VI of house of Romanov	Unknown #24
Natalia Narishkina	Cyril of house of Naryshkin
John Beaufort	John of_Gaunt
Henry Beaufort	John of_Gaunt
Joan Beaufort	John of_Gaunt
Thomas of house of Beaufort	John of_Gaunt
Henry of house of Beaufort	John Beaufort
John of house of Beaufort	John Beaufort
Edmund of house of Beaufort	John Beaufort
Joan of house of Beaufort	John Beaufort
Margaret of house of Beaufort	John Beaufort
Margaret of_Richmond of house of Beaufort	John of house of Beaufort
Richard of_Cambridge of house of Plantagenet	Edmund of_Langley
Edward #6	Edmund of_Langley
Constance #2	Edmund of_Langley
Marie of house of de'_Medici	Francesco_I of_Tuscany Italy
Richard of house of Neville	Richard of house of Nevill
Humphrey of_Buckingham	Thomas of_Woodstock
Anne of_Gloucester	Thomas of_Woodstock
Joan #4	Thomas of_Woodstock
Isabel	Thomas of_Woodstock
Edmund of house of Mortimer	Roger of house of Mortimer
Roger of house of Mortimer #5	Roger of house of Mortimer
Anne of house of Mortimer	Roger of house of Mortimer
Eleanor of house of Mortimer	Roger of house of Mortimer
Roger of house of Mortimer	Edmund of house of Mortimer #2
Edmund of house of Mortimer #5	Edmund of house of Mortimer #2
Elizabeth of house of Mortimer	Edmund of house of Mortimer #2
Philippa of house of Mortimer	Edmund of house of Mortimer #2
Jasper of house of Tudor	Owen of house of Tudor
Edmund of house of Tudor #2	Owen of house of Tudor
Nadejda	Michael "Mischa" Alexandrovich of house of Romanov
George of house of Romanov	Michael "Mischa" Alexandrovich of house of Romanov
Vladimir of house of Romanov #2	Paul Alexandrovich of house of Romanov
Natalie of house of Romanov	Paul Alexandrovich of house of Romanov
Irina of house of Romanov	Paul Alexandrovich of house of Romanov
Caroline Amelia of_Brunswick	Charles of_Brunswick- Wolfenbuttel
Henry_III	John Lackland
Richard #3	John Lackland
Joan #2	John Lackland
Isabella #3	John Lackland
Eleanor #4	John Lackland
William #6	Henry_II Curtmantle
Henry the_Young_King	Henry_II Curtmantle
Matilda (Maud)	Henry_II Curtmantle
Richard_I Coeur_de_Lion	Henry_II Curtmantle
Geoffrey	Henry_II Curtmantle
Eleanor #5	Henry_II Curtmantle
Joan of house of Plantagenet	Henry_II Curtmantle
John Lackland	Henry_II Curtmantle
Robert Curthose	William_I the_Conqueror
Richard #4	William_I the_Conqueror
William_II Rufus	William_I the_Conqueror
Cecilia of_Holy_Trinity	William_I the_Conqueror
Agatha	William_I the_Conqueror
Adeliza a_nun	William_I the_Conqueror
Adela	William_I the_Conqueror
Matilda	William_I the_Conqueror
Constance	William_I the_Conqueror
Henry_I Beauclerc	William_I the_Conqueror
Robert of_Gloucester	Henry_I Beauclerc
Richard #6	Henry_I Beauclerc
William #7	Henry_I Beauclerc
Matilda #2	Henry_I Beauclerc
Sybil #3	Henry_I Beauclerc
Baldwin	Stephen
Eustace of_Boulongne	Stephen
Matilda #3	Stephen
William of_Boulogne	Stephen
Mary of_Boulogne	Stephen
Henry_II Curtmantle	Geoffrey_V of house of Plantagenet
Geoffrey_VI of_Anjou	Geoffrey_V of house of Plantagenet
William #12	Geoffrey_V of house of Plantagenet
Paul of house of Romanov	Dmitri Pavlovich of house of Romanov
Lennart Gustaf Nicholas	William #8
Edward #7	Edward #5
Richard_II	Edward #5
Katherine #2	John of_Gaunt
Philippa of_Ulster	Lionel of_Antwerp
Frederica of_Mecklenburg- Strelitz	Charles of_Mecklenburg- Strelitz
Louis_XIV	Louis_XIII
Philippe of_Orleans	Louis_XIII
Anne of_Austria	Philip_III
Philip_IV	Philip_III
Maria #4	Philip_III
Louis de_France	Louis_XIV
Louis #3	Louis_XV
Marie Therese of_Angouleme	Louis_XVI
Louis Joseph	Louis_XVI
Louis_XVII	Louis_XVI
Sophie Beatrix	Louis_XVI
Jane of house of Grey	Henry of house of Grey
Catherine of house of Grey	Henry of house of Grey
Mary of house of Grey	Henry of house of Grey
Henry of house of Stuart	Matthew of house of Stuart
Charles of house of Stuart	Matthew of house of Stuart
Margaret of house of Douglas	Archibald of house of Douglas
Arabella of house of Stuart	Charles of house of Stuart
Rudolf #2	Franz Josef of_Austria
Daughter_1	Franz Josef of_Austria
Daughter_2	Franz Josef of_Austria
Margery of house of Bruce	Robert_I of house of Bruce
David_II of house of Bruce	Robert_I of house of Bruce
Robert_II	Walter of house of Stewart
Robert_III	Robert_II
Walter	Robert_II
Robert	Robert_II
Alexander #2	Robert_II
Jean	Robert_II
David of_Rothesay	Robert_III
James_I	Robert_III
James_II	James_I
James_III	James_II
Alexander #3	James_II
John #5	James_II
Mary #9	James_II
Elizabeth de_Burgh #2	Richard de_Burgh
Elizabeth #4	James of house of Hamilton #2
James of house of Hamilton #3	James of house of Hamilton #2
John of house of Stewart	Matthew of house of Stewart
Matthew of house of Stuart	John of house of Stewart
John of house of Stuart	John of house of Stewart
Esme of house of Stuart	John of house of Stuart
Alexander #7	Alexander #3
Murdoch	Robert
John of house of Stewart #2	James of house of Stewart
James of house of Stewart #2	James of house of Stewart
Andrew of house of Stewart	James of house of Stewart
James of house of Hamilton #4	James of house of Hamilton #3
James of house of Hamilton #5	James of house of Hamilton #4
Thomas #2	Edmund Crouchback of_Leicester
Henry #8	Edmund Crouchback of_Leicester
Henry #9	Henry #8
Blanche of_Lancaster	Henry #9
Edward #8	Thomas of_Brotherton
Arthur	Geoffrey
Eleanor #6	Geoffrey
Joan #3	Edmund of_Woodstock
Edgar	Malcolm_III Canmore
Alexander_I the_Fierce	Malcolm_III Canmore
Matilda (Edith) of_Scotland	Malcolm_III Canmore
David_I the_Saint	Malcolm_III Canmore
Mary of_Scotland	Malcolm_III Canmore
Matilda #5	Stephen Henry
Theobald	Stephen Henry
Henry of_Winchester	Stephen Henry
Stephen	Stephen Henry
William #11	Stephen Henry
Berengaria #2	Alfonso_VIII
William_I the_Conqueror	Robert the_Devil
Richard_III of_Normandy	Richard_II of_Normandy
Robert the_Devil	Richard_II of_Normandy
Richard_II of_Normandy	Richard_I the_Fearless of_Normandy
Emma of_Normandy	Richard_I the_Fearless of_Normandy
Alfred Athling	Ethelred_II the_Unready
Edward the_Confessor	Ethelred_II the_Unready
Harold_II	Godwin
Edith (Eadgyth)	Godwin
Gytha #2	Harold_II
Athelstan	Ethelred_II the_Unready
Egbert	Ethelred_II the_Unready
Edmund_II Ironside	Ethelred_II the_Unready
Edred	Ethelred_II the_Unready
Edwy	Ethelred_II the_Unready
Edward #9	Ethelred_II the_Unready
Edgar #2	Ethelred_II the_Unready
Edith	Ethelred_II the_Unready
Elgiva	Ethelred_II the_Unready
Wulfhilda	Ethelred_II the_Unready
(Daughter)	Ethelred_II the_Unready
Edmund #2	Edmund_II Ironside
Edward of house of Athling	Edmund_II Ironside
St_Margaret	Edward of house of Athling
Edgar of house of Athling	Edward of house of Athling
Christina	Edward of house of Athling
Harold_I Harefoot	Canute_II the_Great
Sweyn	Canute_II the_Great
Hardicanute	Canute_II the_Great
Gunhilda	Canute_II the_Great
Odo of_Bayeux	Herluin of_Conteville
Robert #2	Herluin of_Conteville
Matilda of_Boulogne	Eustace_III of_Boulogne
Tikhon of house of Koulikovsky	Nicholas of house of Koulikovsky
Goury of house of Koulikovsky	Nicholas of house of Koulikovsky
George of house of Romanov #2	Alexander_II Nicholoevich of house of Romanov
Olga of house of Romanov	Alexander_II Nicholoevich of house of Romanov
Catherine of house of Romanov	Alexander_II Nicholoevich of house of Romanov
Alexander Alexandrovich of house of Romanov #2	George of house of Romanov #2
George #4	UNKNOWN of house of von_Merenberg
Olga #2	UNKNOWN of house of von_Merenberg
Andrei of house of Bariatinsky	Alexander V. of house of Bariatinsky
Alexander of house of Bariatinsky	Alexander V. of house of Bariatinsky
5sons_1dau	Simon of house of de_Montfort
Henry #11	Richard #3
Edmund #4	Richard #3
Richard #5	Richard #3
Margaret #11	Alexander_III
Henry 1st of house of Bourchier	William of house of Bourchier
William_IX of_Hesse-Cassel	Frederick_II of_Hesse-Cassel
Frederick of_Hesse-Cassel	Frederick_II of_Hesse-Cassel
Elizabeth Christine	Ferdinand Albert_II of_Brunswick
Frederick #5	Henri of house of de_Laborde
Joachim #3	Henri of house of de_Laborde
Charles_XV	Oscar_I
Oscar_II	Oscar_I
Oscar_I	Charles_XIV John
Christian #2	Frederick_VI
Marie Louise #3	Frederick_VI
Caroline #5	Frederick_VI
Louise #7	Frederick_VI
Christian #3	Frederick_VI
Louise Juliane	Frederick_VI
Frederica Maria	Frederick_VI
Wilhelmine #2	Frederick_VI
Frederick #6	Frederick_V
Frederick_V	Christian_VI
Louise #11	Christian_VI
Christian_VI	Frederick_IV
Frederick_IV	Christian_V
Charles #10	Christian_V
William #13	Christian_V
Frederick_III #2	Christian_IV
Christian_V	Frederick_III #2
Anne Sophia #2	Frederick_III #2
Frederica #3	Frederick_III #2
George of_Denmark	Frederick_III #2
Ulrica	Frederick_III #2
Frederick_II of_Denmark and_Norway	Christian_III
Christian_III	Frederick_I #3
Marie #3	Charles of_Hesse-Cassel
Louise Caroline of_Hesse-Cassel	Charles of_Hesse-Cassel
Christian_VIII	Frederick #6
Louise Charlotte of_Denmark	Frederick #6
Ferdinand #5	Frederick #6
Frederick_VII	Christian_VIII
Caroline #3	Frederick Christian of_Schleswig-
Feodora	Harold
Caroline Mathilde	Harold
Alexandrine Louise	Harold
Gorm	Harold
Oluf of_Rosenborg	Harold
Elizabeth #6	Knud
Ingolf	Knud
Christian #4	Knud
Caroline of_Ansbach	John Frederick of_Brandenburg-
Leopold #3	Leopold_I George of_Saxe-Coburg
Leopold_II	Leopold_I George of_Saxe-Coburg
Philip of_Flanders	Leopold_I George of_Saxe-Coburg
Marie Charlotte	Leopold_I George of_Saxe-Coburg
Katharine Fraser	Alexander of_Mar of house of Ramsay
Alice #2	Alexander of_Mar of house of Ramsay
Elizabeth #7	Alexander of_Mar of house of Ramsay
Charles Lennox of_Richmond	Charles Lennox of_Richmond #2
Charles Lennox of_Richmond #2	George Henry Lennox
George Henry Lennox	Charles Lennox of_Richmond #3
Charles Lennox of_Richmond #3	Charles Lennox of_Richmond #4
Anne of_Albemarle	Charles Lennox of_Richmond #4
Louisa Jane of house of Russell	John of house of Russell
Frederica of_Holdernesse	of_Schomberg
George Charles of house of Bingham	Richard of house of Bingham
Lavinia of house of Bingham	Charles of house of Bingham
Richard of house of Bingham	Charles of house of Bingham
UNKNOWN of house of Spencer	Frederick of house of Spencer
John of house of Spencer	John of_Althorp of house of Spencer
Philip_IV the_Fair	Philip_III the_Bold
Marguerite of_France	Philip_III the_Bold
Philip_III the_Bold	Louis_IX (St._Louis)
Louis_IX (St._Louis)	Louis_VIII the_Lion
Robert #3	Louis_VIII the_Lion
Alphonse	Louis_VIII the_Lion
Charles of_Anjou	Louis_VIII the_Lion
Blanche of_Castile	Alfonso_IX
Alfonso_X the_Wise	Ferdinand_III
Eleanor of_Castile	Ferdinand_III
Alfonso_VIII	Sancho_III
Sancho_IV	Alfonso_X the_Wise
Elfreda (Elfgiva)	Thored
Thored	Gunnor
Hedwig	Stephen_I
Agatha #2	Stephen_I
Uchtred	Waltheof of Northumberland
Edith Swan-neck (Ealdgyth)	Alfgar of_Mercia
Elfgiva of_Northampton	Alfhelm of_Northhampton
Canute_II the_Great	Sweyn Forkbeard
Gunhilda #2	Mieczislaw_I of_Poland
Edmund #3	Edgar the_Peaceful
Ethelred_II the_Unready	Edgar the_Peaceful
Edward the_Martyr	Edgar the_Peaceful
Ethelfleda	Ordmaer
Elfrida	Ordgar of_Devon Ealdorman
Edwy #2	Edmund_I the_Elder
Edgar the_Peaceful	Edmund_I the_Elder
Ethelfleda of_Domerham	Alfgar of_Wiltshire
Edmund_I the_Elder	Edward the_Elder
Edred #2	Edward the_Elder
Edburh	Edward the_Elder
Edgiva #2	Edward the_Elder
Athelstan #3	Edward the_Elder
Daughter #6	Edward the_Elder
Ethelwerd	Edward the_Elder
Edwin	Edward the_Elder
Elfleda #2	Edward the_Elder
Edgiva #3	Edward the_Elder
Ethelhilda	Edward the_Elder
Edhilda	Edward the_Elder
Eadgyth (Edith)	Edward the_Elder
Elgiva #3	Edward the_Elder
Mary of_Guise	Claude
Madeleine of_France	Francis_I
Henry_II	Francis_I
Margaret of_Navarre	Charles of_Valois
Francis_I	Charles of_Valois
Isobel of_Mar	Donald
Elizabeth of_Rowallan of house of Mure	Adam of_Rowallan of house of Mure
Euphemia of_Ross	Hugh
Annabella	John of house of Drummond
Marie of_Gueldres	Arnold
Margaret of_Denmark	Christian_I
John #4	Christian_I
Frederick_I #3	Christian_I
Robert_I of house of Bruce	Robert of house of Bruce
Edward #11	Robert of house of Bruce
Thomas #5	Robert of house of Bruce
Alexander #8	Robert of house of Bruce
Nigel	Robert of house of Bruce
Isabel #3	Robert of house of Bruce
Robert of house of Bruce	Robert of house of Bruce #2
Isobel	Gilbert De_Clare of_Gloucester
Robert of house of Bruce #2	Robert of_Annandale of house of Bruce
Margaret #7	David of_Huntingdon
Isobel #2	David of_Huntingdon
Matilda #4	Hugh of house of Keveliock
Margaret of house of Drummond	Malcolm of house of Drummond
John of house of Balliol #2	John of house of Balliol
Edward of house of Balliol	John of house of Balliol #2
Isobel #3	John de_Warenne
Matilda of_Flanders	Baldwin_V of_Flanders
William Clito of_Flanders	Robert Curthose
Sybilla	Geoffrey of_Conversano
Adeliza of_Louvain	Geoffrey Lower_Lorraine
Adelicia	Reiner of_Montferrat
Isabella #4	Fulke
Sybil	Fulke
Agnes #3	Giles de_Sulli
Maud	Ingelbert of_Carinthia
Eleanor of_Aquitaine	William_X of_Aquitaine
Margaret of_France	Louis_VII the_Younger
Isabel de_Warrenne	William de_Warenne
Matthew of_Alsace	Theodore of_Flanders
Berengaria of_Navarre	Sancho_VI
Constance of_Brittany	Conan of_Brittany
Isabella De_Clare of_Gloucester	William of_Gloucester #2
Eleanor of_Provence	Raymond of_Provence
Isabella of house of Marshal	William of_Pembroke of house of Marshal
Sanchia of_Provence	Raymond of_Provence of house of Berengar
Beatrix of_Falkenburg	William de_Fauquemont of_Montjoye
Margaret #8	Richard De_Clare of_Gloucester
Ferdinand_III	Alfonso_IX
Aveline de_Forz	William of_Albemarle of house of de_Forz
Blanche of_Artois	Robert #3
Yolande	Robert_IV
Alice (Itayls) of house of Hayles	Roger of_Harwich of house of Hayles
Mary de_Ros	Piers De_Braose
Margaret of_Liddell of house of Wake	John #7
Louis_X the_Headstrong	Philip_IV the_Fair
Isabella of_France	Philip_IV the_Fair
Philip_V the_Tall	Philip_IV the_Fair
Charles_IV the_Fair	Philip_IV the_Fair
Edmund of house of Mortimer #2	Roger of house of Mortimer #2
Roger of house of Mortimer #2	Edmund of house of Mortimer #3
Edmund of house of Mortimer #3	Roger of house of Mortimer #3
Roger of house of Mortimer #3	Edmund of house of Mortimer #4
Edmund of house of Mortimer #4	Roger of house of Mortimer #4
Roger of house of Mortimer #4	Ralph of house of Mortimer
Gruffydd	Llywelyn Fawr the_Great
Dafydd #2	Llywelyn Fawr the_Great
Gwladus DDU	Llywelyn Fawr the_Great
Angharad #2	Llywelyn Fawr the_Great
Anne of house of Wellesley	Richard of house of Wellesley
Arthur of_Wellington of house of Wellesley	Garret of_Mornington of house of Wellesley
Richard of house of Wellesley	Garret of_Mornington of house of Wellesley
Anne of house of Hill	Arthur Dungannon of house of Hill
Devorguilla	Alan
Maud #2	William of house of De_Braose
William of house of De_Braose	Reginald De_Braose
Reginald De_Braose	William of house of De_Braose #2
Bertha	Miles of_Gloucester
Sybil #2	Bernard of_Neufmarche
Nest	Osbern Fitz Richard
Nest #2	Gruffydd Ap_Llywelyn
Gruffydd Ap_Llywelyn	Llywelyn Ap_Seisyll
Bleddyn	Cynfyn of_Powys
Angharad	Maredudd
Maredudd	Owain
Einion	Owain
Owain	Hywel Dda (the_Good)
Hywel Dda (the_Good)	Cadell
Anarawd	Rhodri Mawr (the_Great)
Cadell	Rhodri Mawr (the_Great)
Iago	Idwal Foel (the_Bald)
Ieuaf (Levan)	Idwal Foel (the_Bald)
Meurig	Idwal Foel (the_Bald)
Idwal Foel (the_Bald)	Anarawd
Cynan	Hywel (the_Bad)
Hywel (the_Bad)	Ieuaf (Levan)
Cadwallon	Ieuaf (Levan)
Idwal	Meurig
Iago #2	Idwal
Gruffydd Ap_Cynan	Cynan #2
Cynan #2	Iago #2
Owain Gwynedd	Gruffydd Ap_Cynan
Llywelyn Fawr the_Great	Iorwerth Drwyndwn
Dafydd	Owain Gwynedd
Iorwerth Drwyndwn	Owain Gwynedd
Gwenllian	Llywelyn Ap_Gruffydd
Llywelyn Ap_Gruffydd	Gruffydd
Edward the_Elder	Alfred the_Great
Ethelwerd #2	Alfred the_Great
Ethelfleda #2	Alfred the_Great
Ethelgiva of_Shaftesbury	Alfred the_Great
Elfrida #2	Alfred the_Great
Athelstan #4	Ethelwulf
Ethelbald	Ethelwulf
Ethelbert	Ethelwulf
Ethelswith	Ethelwulf
Ethelred_I	Ethelwulf
Alfred the_Great	Ethelwulf
Ethelwulf	Egbert #2
Athelstan #5	Egbert #2
Osburh	Oslac
Ethelhelm	Ethelred_I
Ethelwald	Ethelred_I
Ealhswith	Ethelred of house of Mucel
Elfwine	Ethelwerd #2
Ethelwine	Ethelwerd #2
Henry_IV #2	Henry_III #2
Cynric	Cerdic
Ceawlin	Cynric
Cutha	Cynric
Cerdic	Elesa
Unknown #28	Elesa
Elesa	Elsa
Elsa	Gewis
Gewis	Wig
Wig	Freawine
Freawine	Frithogar
Frithogar	Brond
Brond	Baeldaeg
Baeldaeg	Woden
Woden	Frithuwald
Frithuwald	Frealaf
Frealaf	Frithuwulf
Frithuwulf	Finn
Finn	Godwulf
Godwulf	Geata
Geata	Taetwa
Taetwa	Beaw
Beaw	Sceldwa
Sceldwa	Heremod
Heremod	Itermon
Itermon	Hathra
Hathra	Hwala
Hwala	Bedwig
Bedwig	Sceaf
Ceolric	Cutha
Ceolwulf	Cutha
Cynegils	Ceolric
Aescwine	Cenfus
Cenfus	Cenferth
Cenferth	Cuthgils
Cuthgils	Ceolwulf
Cwichelm	Cynegils
Cenwealh	Cynegils
Centwine	Cynegils
Cyneburh	Cynegils
Cuthred	Cwichelm
Cuthwine	Ceawlin
Chad	Cuthwine
Cynebald	Cuthwine
Cuthwulf (Cutha)	Cuthwine
Cenbert	Chad
Cedwalla	Cenbert
Mul	Cenbert
Oswald of house of Atheling	Ethelbald #2
Ethelbald #2	Cynebald
Ine	Cenred
Ingild	Cenred
Cwenburh of_Wimborne	Cenred
Cuthburh	Cenred
Cenred	Ceolwald
Egbert #2	Ealhmund of_Kent
Ealhmund of_Kent	Eaba
Eaba	Eoppa
Eoppa	Ingild
Ceolwald	Cuthwulf (Cutha)
Philippa of_Hainault	William of_Hainault
Margaret of house of Holland	Thomas of house of Holland
Elizabeth de_Burgh	William of house of de_Burgh
Violante of_Milan of house of Visconti	Galeazzo of house of Visconti
Constanza (Constance)	Pedro_III of_Castile
Catherine Swynford of house of Roet	Payne of_Guienne of house of Roet
Isabella of_Castile	Pedro_III of_Castile
Henry_III #3	John_I (Juan)
John_I (Juan)	Henry_II (Enrique)
Eleanor of house of De_Bohun	Humphrey of_Hereford of house of De_Bohun
Mary of house of De_Bohun	Humphrey of house of De_Bohun
Isabella of_France #2	Charles_VI the_Beloved
Catherine of_Valois	Charles_VI the_Beloved
Charles_VII	Charles_VI the_Beloved
Margaret #9	Thomas of house of Neville
Henry of house of Beaufort #2	Edmund of house of Beaufort
Edmund of house of Beaufort #2	Edmund of house of Beaufort
John of house of Beaufort #2	Edmund of house of Beaufort
Eleanor of house of Beaufort	Edmund of house of Beaufort
Joan of house of Beaufort #2	Edmund of house of Beaufort
Anne of house of Beaufort	Edmund of house of Beaufort
Margaret of house of Beaufort #2	Edmund of house of Beaufort
Elizabeth of house of Beaufort	Edmund of house of Beaufort
Eleanor of house of Beauchamp	Richard of house of Beauchamp
Elizabeth of house of Cavendish	William of house of Cavendish
George Rochford of house of Boleyn	Thomas of_Wiltshire of house of Boleyn
Mary of house of Boleyn	Thomas of_Wiltshire of house of Boleyn
Anne of house of Boleyn	Thomas of_Wiltshire of house of Boleyn
Frances of house of Devereux	Robert of house of Devereux
Margaret of house of Clifford	Henry of_Cumberland of house of Clifford
Edward Beauchamp of house of Seymour	Edward of house of Seymour
Thomas of house of Seymour #2	Edward of house of Seymour
William of house of Seymour	Edward Beauchamp of house of Seymour
Edward Beauchamp of house of Seymour #2	Edward Beauchamp of house of Seymour
Francis of house of Seymour	Edward Beauchamp of house of Seymour
Honora of house of Seymour	Edward Beauchamp of house of Seymour
Honora of house of Rogers	Richard of house of Rogers
Charles #6	Charles Louis
Charlotte of house of Landgrave	William of_Hesse of house of Landgrave
Anne of house of Hyde	Edward of house of Hyde
Charles_II	Philip_IV
Margaret Teresa	Philip_IV
Marie-Therese of_Spain	Philip_IV
Don_Carlos	Philip_II
Philip_III	Philip_II
Maria Casimire Clementina of house of Sobieska	James Louis of house of Sobieski
James Louis of house of Sobieski	John_III of house of Sobieski
Louise Maximilienne Caroline	Gustavus Adolphus of_Stolberg-Ged.
Sophia Dorothea of_Celle	George William of_Brunswick
Augusta of_Saxe-Gotha	Frederick_II of_Saxe-Gotha
Maria of_Waldegrave of house of Walpole	Edward of house of Walpole
(Sophia) Charlotte	Charles Louis Frederick
Alexander of house of Ramsay	of_Dalhousie XIII
George of_Milford_Haven	David of_Milford_Haven of house of Mountbatten
Ivar	David of_Milford_Haven of house of Mountbatten
Edwina of house of Ashley	of_Mount_Temple
Irene of house of Denison	of_Lodesborough
Robin Alexander	Michael Kelly Bryan
Eleanor #7	Maelgwn Fychan
Owain #2	Maredudd Ap_Owain
Llywelyn	Owain #2
Thomas #3	Llywelyn
Margaret #10	Thomas #3
Maredudd (Meredith) of house of Tudor	Tudor Fychan of_Pemmynydd
Owen of house of Tudor	Maredudd (Meredith) of house of Tudor
Tudor Fychan of_Pemmynydd	Goronwy_Ap Tudor
Goronwy_Ap Tudor	Tudor Hen
Tudor Hen	Goronwy
Goronwy	Ednyfed Fychan
Gwenllian #2	Rhys_Ap Gruffydd
Rhys_Ap Gruffydd	Gruffydd #2
Gruffydd #2	Rhys_Ap Twedwr
Rhys_Ap Twedwr	Tewdwr Mawr the_Great
Tewdwr Mawr the_Great	Cadell #2
Cadell #2	Einion
Arthur Dungannon of house of Hill	Michael of_Hillsborough of house of Hill
Michael of_Hillsborough of house of Hill	William of house of Hill
Eleanor of house of Boyle	Michael of house of Boyle
Mary of house of O'Brien	Dermont of house of O'Brien
Dermont of house of O'Brien	Murrough of house of O'Brien
Murrough of house of O'Brien	Murrough of house of O'Brien #2
Murrough of house of O'Brien #2	Dermod of house of O'Brien
Dermod of house of O'Brien	Murrough
Murrough	Turlough Don
Turlough Don	Teige An_Chomard
Teige An_Chomard	Turlough Bog the_Soft
Turlough Bog the_Soft	Brian_Catha An_Eanaigh
Brian_Catha An_Eanaigh	Mahon Moinmoy
Mahon Moinmoy	Mortogh
Mortogh	Turlough
Turlough	Teige Caeluisce
Teige Caeluisce	Conor Na_Suidane
Conor Na_Suidane	Donough Cairbreach
Donough Cairbreach	Donnell More
Donnell More	Turlough #2
Turlough #2	Dermot
Dermot	Turough
Turough	Teige (Terence)
Teige (Terence)	Brian Boru
Dearbforgail	Brian Boru
Murchad	Dermot of house of MacMailnamo
Eva	William of house of Marshal #2
Isabel #2	Richard (Strongbow)
Aoife (Eva)	Dermot of house of MacMurrough
Urlachan	Dermot of house of MacMurrough
Dermot of house of MacMurrough	Enna
Enna	Donchad
Donchad	Murchad
Horace Beauchamp of house of Seymour	Hugh of house of Seymour
Duncan_II May-Nov	Malcolm_III Canmore
Ingibiorg	Finn of house of Arnasson
Henry of_Huntingdon	David_I the_Saint
Malcolm_IV the_Maiden	Henry of_Huntingdon
Willaim_I the_Lion	Henry of_Huntingdon
David of_Huntingdon	Henry of_Huntingdon
Alexander_II	Willaim_I the_Lion
Alexander_III	Alexander_II
Margaret Maid_of_Norway	Eric of house of Magnusson
Malcolm_III Canmore	Duncan_I
Donald_III Bane	Duncan_I
Duncan_I	Crinan
Lulach	Gillacomgan
Bethoc	Malcolm_II
Malcolm_II	Kenneth_II
Kenneth_II	Malcolm_I
Duff	Malcolm_I
Malcolm_I	Donald_II
Donald_II	Constantine_II
Kenneth_III	Duff
Gruoch	Beoedhe
Beoedhe	Kenneth_III
Constantine_IV	Colin
Colin	Indulf
Indulf	Constantine_III
Constantine_III	Aedh
Constantine_II	Kenneth_I of house of MacAlpin
Aedh	Kenneth_I of house of MacAlpin
Unknown_Dau.	Kenneth_I of house of MacAlpin
Eocha	Run of_Strathclyde
Kenneth_I of house of MacAlpin	Alpin
Donald_I	Alpin
Joan of_Navarre	Charles_II #2
Eleanor de_Cobham	Reynald of house of Cobham
Anne of_Burgundy	of_Burgandy
Jacquetta of_Luxembourg	Peter of_Luxemburg
Elizabeth of house of Woodville	Richard of house of Woodville
Margaret of_Anjou	Rene
Anne Catherine	Joachim Frederick of_Brandenburg
Eleanor of house of Holland	Thomas of house of Holland #2
Anne of house of Stafford	Edmund #5
Anne of_Bohemia	Charles_IV
Maud of house of Clifford	Thomas of house of Clifford
Hugh of house of Seymour	Francis of_Hertford I of house of Seymour
Isabella #5	Charles of house of Fitzroy
Charles of house of Fitzroy	Henry of house of Fitzroy
John of house of Dudley	John Northumberland of house of Dudley
Ambrose of house of Dudley	John Northumberland of house of Dudley
Henry of house of Dudley	John Northumberland of house of Dudley
Guildford of house of Dudley	John Northumberland of house of Dudley
Robert of_Leicester of house of Dudley	John Northumberland of house of Dudley
Jane of house of Dudley	John Northumberland of house of Dudley
Mary of house of Dudley	John Northumberland of house of Dudley
Catherine of house of Dudley	John Northumberland of house of Dudley
John of house of Dudley #2	Ambrose of house of Dudley
Henry of house of Carey	William of house of Carey
Catherine of house of Carey	William of house of Carey
Thomas of house of Howard #3	Thomas of house of Howard #2
Elizabeth of house of Howard	Thomas of house of Howard #2
Edmund of house of Howard	Thomas of house of Howard #2
Henry of house of Howard	Thomas of house of Howard #3
Mary of house of Howard	Thomas of house of Howard #3
Thomas of house of Howard #4	Thomas of house of Howard #3
William of_Effingham of house of Howard	Thomas of house of Howard #2
Dorothy of house of Howard	Thomas of house of Howard #2
Elizabeth of house of Howard #2	Thomas of house of Howard #2
Thomas of house of Howard #5	Henry of house of Howard
Henry of_Northhampton of house of Howard	Henry of house of Howard
Catherine of house of Howard #2	Henry of house of Howard
Jane of house of Howard	Henry of house of Howard
Margaret of house of Howard	Henry of house of Howard
Philip of house of Howard	Thomas of house of Howard #5
Thomas of house of Howard #6	Philip of house of Howard
Thomas of house of Howard #7	Thomas of house of Howard #5
William of house of Howard	Thomas of house of Howard #5
Theophilus of house of Howard	Thomas of house of Howard #7
Thomas of_Berkshire of house of Howard	Thomas of house of Howard #7
Henry of house of Howard #2	Thomas of house of Howard #7
Catherine of house of Howard #3	Thomas of house of Howard #7
Frances of house of Howard	Thomas of house of Howard #7
Henry of house of Seymour	Edward of house of Seymour #2
Edward of house of Seymour	Edward of house of Seymour #2
Anne of house of Seymour	Edward of house of Seymour #2
Henry of house of Knollys	Francis of house of Knollys
William of house of Knollys	Francis of house of Knollys
Lettice of house of Knollys	Francis of house of Knollys
Anne of house of Knollys	Francis of house of Knollys
Catherine of house of Knollys	Francis of house of Knollys
Mariana of_Austria	Ferdinand_III #2
Leopold_I	Ferdinand_III #2
Ferdinand_III #2	Ferdinand_II
Maria Antonia	Leopold_I
Joseph_I	Leopold_I
Charles_VI	Leopold_I
Charles_III	Philip_V
Louis #5	Louis de_France
Philip_V	Louis de_France
Charles #7	Louis de_France
Joseph Ferdinand	Maximilian Emmanuel of_Bavaria
Joseph_II	Francis_I Stephen
Maria Theresa #2	Charles_VI
Antoinette	Francis Frederick of_Saxe-Coburg
Sophie #6	Francis Frederick of_Saxe-Coburg
Julie	Francis Frederick of_Saxe-Coburg
Ernest_I of_Saxe-Coburg- Saalfeld	Francis Frederick of_Saxe-Coburg
Ferdinand	Francis Frederick of_Saxe-Coburg
Victoria Mary Louisa	Francis Frederick of_Saxe-Coburg
Leopold_I George of_Saxe-Coburg	Francis Frederick of_Saxe-Coburg
Francis_II	Henry_II
Charles_IX	Henry_II
Henry_III #4	Henry_II
Josephine of house of de_Beauharnais	Eugene of_Leuchtenberg of house of de_Beauharnais
Franz Josef of_Austria	Francis Charles
Isabella	John_II (Juan_II)
Silvia Renate of house of Sommerlath	Walter of house of Sommerlath
Louise #12	Leopold_II
Stephanie #2	Leopold_II
Clementine	Leopold_II
Maria Henrietta	Joseph of_Austria #2
Louis_VIII the_Lion	Philip_II Augustus
John_I #3	Louis_X the_Headstrong
Philip #3	Louis_VI the_Fat
Louis_VII the_Younger	Louis_VI the_Fat
Robert #4	Louis_VI the_Fat
Pierre de_Courtenay	Louis_VI the_Fat
Henry of_Beauvais	Louis_VI the_Fat
Philip #4	Louis_VI the_Fat
Constance of_Toulouse #2	Louis_VI the_Fat
Louis_VI the_Fat	Philip_I the_Fair
Philip_I the_Fair	Henry_I
Hugh #2	Robert_II the_Pious
Henry_I	Robert_II the_Pious
Robert #5	Robert_II the_Pious
Robert_II the_Pious	Hugh of house of Capet
William_II the_Good	William_I
William_I	Roger_II
Philip_II Augustus	Louis_VII the_Younger
Philip of house of Hurepel	Philip_II Augustus
Margaret of_Provence	Raymond of_Provence of house of Berenger
Clemence of_Hungary	Charles_I
Charles_I	Charles_II #3
Philip_VI of_Valois	Charles de_Valois
Joan of_Valois	Charles de_Valois
John_II the_Good	Philip_VI of_Valois
Charles_VI the_Beloved	Charles_V the_Wise
Louis of_Beaumont	Charles_V the_Wise
Catherine #3	Charles_V the_Wise
Isabelle	Charles_V the_Wise
Maria of_Poland of house of Leczinska	Stanislaw of house of Leczinski
Louis_XVI	Louis #3
Louis_XVIII	Louis #3
Charles_X	Louis #3
Elizabeth #8	Louis #3
of_Angouleme	Charles_X
of_Berry	Charles_X
Louise Marie d'Orleans	Louis_Philippe_I
Louis_Philippe_I	Louis-Philippe Joseph
Louis-Philippe Joseph	Louis-Philippe
Louis-Philippe	Louis of_Orleans
Louis of_Orleans	Philippe Duc_de_Chartes
Marie Louise of_Orleans	Philippe Duc_de_Chartes
Charles_V the_Wise	John_II the_Good
Philip the_Bold	John_II the_Good
Charles of_Valois	John of_Valois
George of house of Karageorgeovitch	Peter_I
Alexander_I of_Yugoslavia	Peter_I
Hugh the_Great of_Vermandois	Henry_I
Louis_XI	Charles_VII
Anne #4	Louis_XI
Charles_VIII	Louis_XI
Claude of_France	Louis_XII
Charles #8	Charlemagne
Pepin	Charlemagne
Louis_I the_Pious of_Aquitaine	Charlemagne
Berthe	Charlemagne
Bernard	Pepin
Lothar_I	Louis_I the_Pious of_Aquitaine
Pepin_I of_Aquitaine	Louis_I the_Pious of_Aquitaine
Adelaide	Louis_I the_Pious of_Aquitaine
Louis_II the_German	Louis_I the_Pious of_Aquitaine
Charles_II the_Bald	Louis_I the_Pious of_Aquitaine
Louis_II le_Jeune	Lothar_I
Lothar_II of_Lorraine	Lothar_I
Charles #9	Lothar_I
Pepin_II of_Aquitaine	Pepin_I of_Aquitaine
Carloman	Louis_II the_German
Louis the_Young	Louis_II the_German
Charles_III the_Fat	Louis_II the_German
Louis_II the_Stammerer	Charles_II the_Bald
Charles of_Aquitaine	Charles_II the_Bald
Carloman #2	Charles_II the_Bald
Judith #2	Charles_II the_Bald
Louis_III	Louis_II the_Stammerer
Carloman #3	Louis_II the_Stammerer
Charles_III the_Simple	Louis_II the_Stammerer
Louis_IV d'Outre-Mer	Charles_III the_Simple
Irmengard #2	Louis_II le_Jeune
Louis_III the_Blind	Boso
Arnulf	Carloman
Louis_III the_Child	Arnulf
Zwentibold	Arnulf
Hedwige	Arnulf
Henry the_Fowler	Otto of_Saxony
Bruno of_Cologne	Henry the_Fowler
Otto_I	Henry the_Fowler
Gerberge	Henry the_Fowler
Lothar	Louis_IV d'Outre-Mer
Charles Lower_Lorraine	Louis_IV d'Outre-Mer
Louis_V the_Coward	Lothar
Adalberon of_Rheims	Lothar
Charlemagne	Pepin the_Short
Carloman #4	Pepin the_Short
Pepin the_Short	Charles of house of Martel
Augusta Reuss-Ebersdorf	Henry_XXIV Reuss-Ebersdorf
Marie Elisabeth	Charles_IX
Elizabeth of_Prussia	William of_Prussia
Johanna of house of Loisinger	John of house of Loisinger
Josephine of_Lichtenberg	Philip of house of Bender
Margaret of house of Campbell-Geddes	Auckland L. of_Rolvenden of house of Geddes
Maria de_las_Mercedes of_Bourbon	Charles of_Bourbon -Sicily
Ferdinand of_Bavaria	Louis Ferdinand of_Bavaria
Marie of_Schwarzburg- Rudolstadt	Adolph of_Schwarzburg- Rudolstadt
Eudoxia of house of Streshniev	Lucas of house of Streshniev
Mikhail_III Feodorovich of house of Romanov	Theodore #2
Anne of house of Leontiev	Leonti of house of Leontiev
Nicholas of house of Romanov #3	Michael of house of Romanov
Michael of house of Romanov #2	Michael of house of Romanov
George of house of Romanov #3	Michael of house of Romanov
Alexander Mikhailovich (Sandro) of house of Romanov	Michael of house of Romanov
Sergius of house of Romanov	Michael of house of Romanov
Artemi of house of Romanov	Nicholas of house of Romanov
Ivan of house of Romanov #2	Constantine of house of Romanov
Constantine of house of Romanov #2	Constantine of house of Romanov
Igor of house of Romanov	Constantine of house of Romanov
Elizabeth #9	Maurice of_Saxe- Altenburg
Marie of house of Pavlovna	Frederick Francis_II of_Mecklengb-Sch
Leonide Bagration- Moukhransky	George Bagration- Mukhranski
Helen #2	Peter_I #2
Maria Feodorovna of_Wurttemberg	Frederick Eugene of_Wurttemberg
Catherine_II the_Great	Christian Augustus
Peter of house of Oldenburg	George of house of Oldenburg
Eugenia of house of Oldenburg	George of house of Oldenburg
Dorothea #2	John of_Brandenburg
Alexandrine of_Mecklenburg- Schwerin	Frederick Francis_III Mecklenburg-Schw
Sonja of house of Haraldsen	Charles Augustus of house of Haraldsen
Sybilla Louise	John Kenneth of house of Ambler
Charles Edward #2	John Kenneth of house of Ambler
James Patrick	John Kenneth of house of Ambler
Carl Christian	Johann Georg of_Hohenzollern
Desiree Margaretha Victoria	Johann Georg of_Hohenzollern
Hubertus Gustaf Adolf	Johann Georg of_Hohenzollern
Carl Otto Edmund	Nicholas of house of Silfverschiold
Christina Louise	Nicholas of house of Silfverschiold
Helene Ingeborg	Nicholas of house of Silfverschiold
Carl Gustaf Victor	Tord Gosta of house of Magnuson
Tord Oscar Fredrik	Tord Gosta of house of Magnuson
Victor Edmund Lennart	Tord Gosta of house of Magnuson
Michael	Sigvard Oscar Fredrik
Monica	Carl Johan Arthur
Christian #6	Carl Johan Arthur
Birgitta	Lennart Gustaf Nicholas
Marie Louise #4	Lennart Gustaf Nicholas
Jan	Lennart Gustaf Nicholas
Cecilia	Lennart Gustaf Nicholas
Bettina	Lennart Gustaf Nicholas
Bjorn	Lennart Gustaf Nicholas
Catherina	Lennart Gustaf Nicholas
Friedrich of house of Straehl #2	Friedrich of house of Straehl
Andreas of house of Straehl	Friedrich of house of Straehl
Christina of house of Straehl	Friedrich of house of Straehl
Desiree of house of Straehl	Friedrich of house of Straehl
Stephan of house of Straehl	Friedrich of house of Straehl
Heinrich of house of Kautz	Rudolf of house of Kautz
Karin of house of Kautz	Rudolf of house of Kautz
Madeleine of house of Kautz	Rudolf of house of Kautz
Sophia #5	Jan
Cecilia #2	Jan
Son #7	Jan
Maria Bernadotte	Oscar #2
Carl Bernadotte	Oscar #2
Sophia Bernadotte of_Wisborg	Oscar #2
Elsa Bernadotte of_Wisborg	Oscar #2
Folke Bernadotte	Oscar #2
Ebba of_Fulkila of house of Munck	Charles of_Fulkila of house of Munck
Dagmar #2	Carl Bernadotte
Oscar #3	Carl Bernadotte
Catharina	Carl Bernadotte
Marianne of house of von_Arbin	Nils Magnus of house of von_Arbin
Louise of house of von_Arbin	Nils Magnus of house of von_Arbin
Catherine of house of von_Arbin	Nils Magnus of house of von_Arbin
Jeanette of house of von_Arbin	Nils Magnus of house of von_Arbin
Madeleine of house of von_Arbin	Nils Magnus of house of von_Arbin
Camilla of house of Flach	Miles of house of Flach
Therese of house of Bergstrom	Dick of house of Bergstrom
Michael of house of Bergstrom	Dick of house of Bergstrom
Gustaf of house of Ryding	Johan of house of Ryding
Charlotte of house of Ryding	Johan of house of Ryding
Ebba	Oscar #3
Gustaf of house of Reutersward	Pontus of house of Reutersward
Anna of house of Reutersward	Pontus of house of Reutersward
Christina #2	Oscar #3
Birgitta #2	Oscar #3
Carl	Oscar #3
Jan of house of Nilert	Tore of house of Nilert
Charlotte of house of Nilert	Tore of house of Nilert
Anne Marie of house of Nilert	Tore of house of Nilert
Claes	Carl Bernadotte
Carl Johann	Claes
Louise #10	Claes
Gustaf	Folke Bernadotte
Folke	Folke Bernadotte
Fredrik Oscar	Folke Bernadotte
Bertil	Folke Bernadotte
Anna #3	Folke
Folke #2	Folke
Maria #5	Folke
Gunnar	Folke
Madeline Bernadotte	Carl Gustaf Oscar
Marie Christine of house of Ullens	Charles de_Schooten of house of Ullens
Jean Charles of house of Ullens	Charles de_Schooten of house of Ullens
Astrid of house of Ullens	Charles de_Schooten of house of Ullens
Sophie of house of Ullens	Charles de_Schooten of house of Ullens
Mary #12	Roland of house of Bonaparte
Michael of house of Oldenburg	Christopher of house of Oldenburg
John #6	Alexander #3
Ferdinand_VII	Charles_IV #2
Charles_IV #2	Charles_III
Margaret of_Austria	Charles #11
Eleanor #8	Philip_I the_Handsome
Charles_V	Philip_I the_Handsome
Francis Frederick of_Saxe-Coburg	Ernest Frederick of_Saxe-Coburg
Maria Josepha of_Portugal	Michael of_Portugal
Louis_II of_Hesse and_the_Rhine	Louis_I of_Hesse-Darmst.
Ann Marie Louise	Gaston
Philippe Duc_de_Chartes	Philippe of_Orleans
Elizabeth Charlotte	Philippe of_Orleans
Xenia	Ivan of_Shestov
Praskovia of house of Rayevska	Ivan of house of Rayevski
Anne of house of Volkonska	Constantine of house of Volkonski
Mathilde (Maria) of house of Krzesinska	Felix Krzesinski
Olga of house of Karnovich	Valerian of house of Karnovich
Audrey of house of Emery	John of house of Emery
Andrew of house of Ferguson #2	Ronald Ivor of house of Ferguson
Alice of house of Ferguson	Ronald Ivor of house of Ferguson
Elizabeth (Eliza) of house of Ferguson	Ronald Ivor of house of Ferguson
Doreen of house of Wingfield	Mervyn Powerscourt of house of Wingfield
Mervyn Powerscourt of house of Wingfield	Mervyn of house of Wingfield
Fitzherbert of house of Wright	Henry Fitzherbert of house of Wright
Muriel of house of Fletcher	Henry of house of Fletcher
Harriet of house of Marsham	Charles of house of Marsham
Walter -Scott of_Buccleuch of house of Montagu-Douglas-	Charles of_Buccleuch of house of Montagu-Douglas
Margaret -Scott of house of Montagu-Douglas-	Charles of_Buccleuch of house of Montagu-Douglas
William -Scott of_Buccleuch of house of Montagu-Douglas-	Walter -Scott of_Buccleuch of house of Montagu-Douglas-
Herbert -Scott of house of Montagu-Douglas-	William -Scott of_Buccleuch of house of Montagu-Douglas-
Marian -Scott of house of Montagu-Douglas-	Herbert -Scott of house of Montagu-Douglas-
Margaret of house of Brand	Henry of house of Brand
Henry of house of Brand	Henry of house of Brand #2
Charles of_Buccleuch of house of Montagu-Douglas	Henry of_Buccleuch of house of Scott
Henry of_Buccleuch of house of Scott	Francis of house of Scott
Francis of house of Scott	Francis of_Buccleuch of house of Scott
Julia of house of Coke	Thomas of_Leicester of house of Coke
Thomas of_Leicester of house of Coke	Thomas of_Leicester of house of Coke #2
Anne of house of Keppel	William of_Albemarle of house of Keppel
UNKNOWN of house of Mowatt	Paul of house of Mowatt
Kitty	Charles of house of Spencer
Son #8	Paul of_Yugoslavia
Mark Anthony Peter of house of Phillips	Peter of house of Phillips
Sylvana of house of Tomaselli	Max of house of Tomaselli
Frances of house of Armstrong-Jones	Anthony Charles Robert of house of Armstrong-Jones
UNKNOWN of house of Schmith	Athol of house of Schmith
Marion (Maria) Donata of house of Stein	Erwin of house of Stein
UNKNOWN of house of Legge	Gerald of house of Legge
UNKNOWN of house of Legge #2	Gerald of house of Legge
UNKNOWN of house of Legge #3	Gerald of house of Legge
UNKNOWN of house of Legge #4	Gerald of house of Legge
Ian of house of McCorquodale	Hugh of house of McCorquodale
Glen of house of McCorquodale	Hugh of house of McCorquodale
Hugh of house of McCorquodale	Harold of house of McCorquodale
Gerald of house of Legge	Humphrey of house of Legge
Barbara of house of Cartland	Bertram (Bertie) of house of Cartland
Ronald of house of Cartland	Bertram (Bertie) of house of Cartland
UNKNOWN of house of Cartland	Bertram (Bertie) of house of Cartland
Anthony (Tony) of house of Cartland	Bertram (Bertie) of house of Cartland
Melloney of house of Scobell	George of house of Scobell
UNKNOWN of house of Scobell	George of house of Scobell
Emily of house of Scobell	George of house of Scobell
Mary Hamilton (Polly) of house of Scobell	George of house of Scobell
John Sanford of house of Scobell	George of house of Scobell
Mary Anne of house of Hamilton	Andrew of house of Hamilton
Bertram (Bertie) of house of Cartland	James of house of Cartland
